"index","user_id","age","registration_date","email","workout_frequency"
"0","1","56","2022-09-20T00:00:00.000","hi_1@example.com",""
"1","2","46","2020-06-21T00:00:00.000","hello_2@myemail.com","Minimal"
"2","3","32","2020-02-08T00:00:00.000","hello_3@email.com","Maximal"
"3","4","60","2023-02-25T00:00:00.000","user4@email.com","Maximal"
"4","5","25","2021-03-03T00:00:00.000","hi_5@email.com","minimal"
"5","6","38","2021-01-15T00:00:00.000","user_6@myemail.com","Regular"
"6","7","56","2020-12-12T00:00:00.000","hello_7@email.com","MAXIMAL"
"7","8","36","2020-08-04T00:00:00.000","hello_8@email.com","flexible"
"8","9","40","2023-02-18T00:00:00.000","hello_9@myemail.com","Flexible"
"9","10","28","2020-06-08T00:00:00.000","hello10@myemail.com","regular"
"10","11","28","2022-11-17T00:00:00.000","user_11@myemail.com","Minimal"
"11","12","41","2023-02-24T00:00:00.000","contact12@email.com","Maximal"
"12","13","53","2023-10-17T00:00:00.000","user_13@email.com","Flexible"
"13","14","57","2022-04-27T00:00:00.000","user14@example.com","flexible"
"14","15","41","2020-05-15T00:00:00.000","user15@myemail.com","MAXIMAL"
"15","16","20","2022-07-06T00:00:00.000","hello16@myemail.com","minimal"
"16","17","39","2021-10-17T00:00:00.000","hi17@email.com","flexible"
"17","18","19","2020-02-19T00:00:00.000","hi_18@email.com","Flexible"
"18","19","41","2020-02-16T00:00:00.000","contact19@email.com","flexible"
"19","20","61","2020-05-25T00:00:00.000","user20@example.com","Flexible"
"20","21","47","2020-12-05T00:00:00.000","contact_21@email.com",""
"21","22","55","2020-12-27T00:00:00.000","hi_22@example.com",""
"22","23","19","2022-02-24T00:00:00.000","contact_23@example.com","regular"
"23","24","38","2022-07-24T00:00:00.000","contact_24@example.com","Maximal"
"24","25","50","2020-02-11T00:00:00.000","hello_25@email.com","maximal"
"25","26","29","2022-05-21T00:00:00.000","hello_26@email.com","MAXIMAL"
"26","27","39","2020-11-04T00:00:00.000","contact_27@myemail.com","maximal"
"27","28","61","2023-01-17T00:00:00.000","hi_28@myemail.com","Regular"
"28","29","42","2022-10-06T00:00:00.000","contact_29@email.com","Regular"
"29","30","44","2022-12-25T00:00:00.000","user_30@myemail.com","Maximal"
"30","31","59","2022-04-26T00:00:00.000","hi_31@email.com","flexible"
"31","32","45","2021-10-13T00:00:00.000","contact32@example.com","regular"
"32","33","33","2020-12-08T00:00:00.000","user_33@myemail.com","Maximal"
"33","34","32","2021-11-28T00:00:00.000","hello34@example.com","Flexible"
"34","35","64","2022-07-04T00:00:00.000","hello35@email.com","Minimal"
"35","36","61","2021-03-08T00:00:00.000","user_36@email.com","regular"
"36","37","20","2023-06-11T00:00:00.000","user37@email.com","regular"
"37","38","54","2023-09-12T00:00:00.000","hello38@myemail.com","Flexible"
"38","39","24","2020-01-11T00:00:00.000","hello39@myemail.com","Flexible"
"39","40","38","2023-03-24T00:00:00.000","contact_40@example.com","minimal"
"40","41","26","2023-06-05T00:00:00.000","user41@example.com","Maximal"
"41","42","56","2020-09-05T00:00:00.000","contact_42@example.com","Flexible"
"42","43","35","2022-12-20T00:00:00.000","hi_43@email.com","Regular"
"43","44","21","2021-10-18T00:00:00.000","hi44@email.com","MAXIMAL"
"44","45","42","2021-06-12T00:00:00.000","hi_45@myemail.com","Minimal"
"45","46","31","2021-03-07T00:00:00.000","hi_46@example.com","Maximal"
"46","47","26","2020-08-29T00:00:00.000","user_47@email.com","Regular"
"47","48","43","2020-11-30T00:00:00.000","hello48@myemail.com","flexible"
"48","49","19","2023-04-01T00:00:00.000","user49@myemail.com","Flexible"
"49","50","37","2021-06-06T00:00:00.000","contact50@email.com","Flexible"
"50","51","45","2020-06-07T00:00:00.000","hi_51@email.com","regular"
"51","52","64","2020-05-24T00:00:00.000","hi52@email.com","Regular"
"52","53","24","2021-08-13T00:00:00.000","hi53@email.com",""
"53","54","61","2020-05-30T00:00:00.000","hi_54@myemail.com","minimal"
"54","55","25","2021-07-11T00:00:00.000","user55@example.com","regular"
"55","56","64","2023-08-09T00:00:00.000","user56@email.com","minimal"
"56","57","52","2021-06-18T00:00:00.000","user_57@example.com","minimal"
"57","58","31","2022-07-26T00:00:00.000","hi_58@email.com","Flexible"
"58","59","34","2021-02-14T00:00:00.000","hello_59@email.com","flexible"
"59","60","53","2023-06-07T00:00:00.000","hello60@example.com","regular"
"60","61","57","2020-03-08T00:00:00.000","hello_61@example.com","Regular"
"61","62","21","2023-02-07T00:00:00.000","hi62@example.com","minimal"
"62","63","19","2021-12-14T00:00:00.000","hello_63@example.com","Flexible"
"63","64","23","2022-04-13T00:00:00.000","hi_64@myemail.com","Minimal"
"64","65","59","2020-07-12T00:00:00.000","hi65@email.com","Maximal"
"65","66","21","2023-12-03T00:00:00.000","hi66@myemail.com","flexible"
"66","67","46","2021-08-11T00:00:00.000","contact67@email.com","maximal"
"67","68","35","2020-05-02T00:00:00.000","hello_68@myemail.com","Minimal"
"68","69","43","2022-05-07T00:00:00.000","hi69@email.com","Maximal"
"69","70","61","2021-03-31T00:00:00.000","user70@example.com","Minimal"
"70","71","51","2023-07-12T00:00:00.000","hello71@example.com","regular"
"71","72","27","2022-09-03T00:00:00.000","hi_72@example.com","minimal"
"72","73","53","2022-08-18T00:00:00.000","hello73@email.com","flexible"
"73","74","31","2023-10-07T00:00:00.000","hello74@example.com","MAXIMAL"
"74","75","48","2023-08-31T00:00:00.000","contact_75@email.com","minimal"
"75","76","32","2021-07-15T00:00:00.000","user_76@example.com","MAXIMAL"
"76","77","25","2022-06-15T00:00:00.000","hi_77@example.com","Maximal"
"77","78","31","2020-10-25T00:00:00.000","hello78@email.com","Flexible"
"78","79","40","2022-12-30T00:00:00.000","hi79@myemail.com","maximal"
"79","80","57","2020-04-18T00:00:00.000","user_80@email.com","Regular"
"80","81","38","2020-03-12T00:00:00.000","hello81@example.com","minimal"
"81","82","33","2022-10-24T00:00:00.000","contact_82@email.com","flexible"
"82","83","62","2020-12-20T00:00:00.000","contact_83@myemail.com","Minimal"
"83","84","35","2023-04-15T00:00:00.000","user_84@email.com","flexible"
"84","85","64","2021-03-25T00:00:00.000","contact85@email.com","Maximal"
"85","86","41","2020-05-03T00:00:00.000","hello_86@example.com","MAXIMAL"
"86","87","43","2023-08-21T00:00:00.000","hello_87@example.com","Minimal"
"87","88","42","2020-12-27T00:00:00.000","hi88@myemail.com","Regular"
"88","89","62","2023-09-08T00:00:00.000","user_89@example.com","Regular"
"89","90","58","2020-06-05T00:00:00.000","contact_90@myemail.com",""
"90","91","46","2021-08-13T00:00:00.000","contact_91@email.com","Maximal"
"91","92","32","2021-03-07T00:00:00.000","contact92@example.com","Flexible"
"92","93","62","2021-12-05T00:00:00.000","user93@example.com","Maximal"
"93","94","18","2022-09-14T00:00:00.000","contact94@myemail.com","MAXIMAL"
"94","95","42","2023-07-19T00:00:00.000","hi95@myemail.com","flexible"
"95","96","24","2021-07-20T00:00:00.000","user96@example.com","Regular"
"96","97","26","2020-09-09T00:00:00.000","hello_97@email.com","flexible"
"97","98","41","2021-07-29T00:00:00.000","contact98@example.com","flexible"
"98","99","18","2021-07-05T00:00:00.000","hi99@myemail.com","flexible"
"99","100","61","2020-11-21T00:00:00.000","hello100@email.com","Regular"
"100","101","25","2022-11-07T00:00:00.000","hi101@myemail.com","regular"
"101","102","41","2021-02-18T00:00:00.000","user_102@myemail.com","MAXIMAL"
"102","103","28","2022-12-26T00:00:00.000","hi_103@example.com","MAXIMAL"
"103","104","34","2023-12-26T00:00:00.000","user_104@example.com","Minimal"
"104","105","25","2022-11-27T00:00:00.000","user_105@email.com","Maximal"
"105","106","52","2022-10-03T00:00:00.000","user_106@email.com","Maximal"
"106","107","52","2020-04-20T00:00:00.000","user_107@myemail.com","maximal"
"107","108","50","2022-08-04T00:00:00.000","user108@myemail.com","Maximal"
"108","109","22","2022-09-13T00:00:00.000","contact_109@email.com","Regular"
"109","110","59","2020-09-22T00:00:00.000","hi110@email.com","Flexible"
"110","111","56","2022-04-09T00:00:00.000","hi111@myemail.com","minimal"
"111","112","58","2023-02-06T00:00:00.000","hi112@example.com","maximal"
"112","113","45","2021-01-15T00:00:00.000","hi113@example.com","minimal"
"113","114","24","2020-09-10T00:00:00.000","user114@email.com","MAXIMAL"
"114","115","26","2021-12-19T00:00:00.000","hi115@example.com","minimal"
"115","116","25","2021-08-12T00:00:00.000","hello_116@myemail.com","minimal"
"116","117","29","2021-02-23T00:00:00.000","user117@myemail.com","maximal"
"117","118","51","2023-12-08T00:00:00.000","hello_118@email.com","Minimal"
"118","119","50","2022-09-21T00:00:00.000","user119@myemail.com","flexible"
"119","120","40","2022-12-05T00:00:00.000","hello_120@myemail.com","Maximal"
"120","121","41","2022-05-15T00:00:00.000","hello121@example.com","Maximal"
"121","122","54","2020-12-07T00:00:00.000","contact_122@example.com","Regular"
"122","123","52","2022-11-29T00:00:00.000","hi_123@example.com","maximal"
"123","124","61","2021-05-18T00:00:00.000","hi_124@example.com","Regular"
"124","125","57","2023-08-02T00:00:00.000","contact125@example.com","Flexible"
"125","126","39","2023-04-08T00:00:00.000","hello126@example.com","Flexible"
"126","127","44","2023-04-20T00:00:00.000","user127@email.com","Regular"
"127","128","52","2020-03-27T00:00:00.000","contact_128@example.com","maximal"
"128","129","18","2020-12-21T00:00:00.000","hello129@example.com","Regular"
"129","130","52","2023-06-30T00:00:00.000","contact130@myemail.com","Maximal"
"130","131","54","2020-02-19T00:00:00.000","user131@example.com","regular"
"131","132","64","2023-06-04T00:00:00.000","user132@myemail.com","minimal"
"132","133","31","2021-05-05T00:00:00.000","contact_133@example.com","regular"
"133","134","20","2021-09-15T00:00:00.000","hi_134@email.com","maximal"
"134","135","18","2021-02-19T00:00:00.000","hi_135@myemail.com","regular"
"135","136","22","2020-04-12T00:00:00.000","user_136@myemail.com","Flexible"
"136","137","43","2020-11-23T00:00:00.000","hello_137@example.com","MAXIMAL"
"137","138","31","2023-11-19T00:00:00.000","hi138@myemail.com","minimal"
"138","139","56","2022-05-31T00:00:00.000","contact_139@example.com","flexible"
"139","140","44","2023-09-23T00:00:00.000","contact_140@myemail.com","maximal"
"140","141","26","2023-01-20T00:00:00.000","hi141@example.com","minimal"
"141","142","32","2021-05-03T00:00:00.000","hi_142@example.com","regular"
"142","143","32","2020-11-26T00:00:00.000","hi_143@example.com","Flexible"
"143","144","43","2022-10-15T00:00:00.000","hi144@email.com","Minimal"
"144","145","59","2022-02-14T00:00:00.000","user_145@myemail.com","flexible"
"145","146","30","2021-09-06T00:00:00.000","hello146@myemail.com","minimal"
"146","147","49","2023-10-06T00:00:00.000","user_147@example.com","Flexible"
"147","148","56","2023-11-21T00:00:00.000","contact148@myemail.com","Flexible"
"148","149","49","2022-09-25T00:00:00.000","hi149@myemail.com","regular"
"149","150","21","2021-12-13T00:00:00.000","contact150@email.com",""
"150","151","47","2020-08-09T00:00:00.000","hi_151@example.com","regular"
"151","152","54","2021-02-15T00:00:00.000","user_152@email.com","Maximal"
"152","153","40","2020-08-04T00:00:00.000","contact_153@example.com","Maximal"
"153","154","56","2021-01-18T00:00:00.000","hi154@email.com","flexible"
"154","155","62","2023-03-03T00:00:00.000","hi_155@email.com","regular"
"155","156","32","2022-05-22T00:00:00.000","hi156@email.com",""
"156","157","60","2022-04-17T00:00:00.000","user157@email.com","Regular"
"157","158","46","2021-02-12T00:00:00.000","contact158@email.com","Regular"
"158","159","53","2023-03-06T00:00:00.000","user_159@example.com","regular"
"159","160","30","2022-06-27T00:00:00.000","hi160@example.com","regular"
"160","161","49","2021-10-27T00:00:00.000","hello161@myemail.com","flexible"
"161","162","24","2023-10-26T00:00:00.000","hello_162@example.com",""
"162","163","39","2022-06-25T00:00:00.000","user163@email.com","Maximal"
"163","164","45","2021-09-12T00:00:00.000","contact_164@example.com","Flexible"
"164","165","19","2021-07-16T00:00:00.000","hi_165@myemail.com","Flexible"
"165","166","59","2020-12-06T00:00:00.000","user166@example.com","Maximal"
"166","167","62","2020-08-02T00:00:00.000","contact_167@email.com","maximal"
"167","168","23","2022-03-02T00:00:00.000","contact_168@myemail.com","Maximal"
"168","169","45","2022-02-05T00:00:00.000","contact169@example.com","Minimal"
"169","170","45","2020-05-21T00:00:00.000","contact_170@email.com","MAXIMAL"
"170","171","61","2023-03-20T00:00:00.000","hi_171@myemail.com","minimal"
"171","172","61","2020-03-14T00:00:00.000","user_172@email.com","Maximal"
"172","173","37","2023-08-30T00:00:00.000","contact173@myemail.com","regular"
"173","174","47","2020-06-19T00:00:00.000","hello174@myemail.com","regular"
"174","175","28","2020-08-25T00:00:00.000","hi175@example.com","flexible"
"175","176","45","2022-09-01T00:00:00.000","user_176@email.com","Maximal"
"176","177","42","2020-09-05T00:00:00.000","user_177@example.com",""
"177","178","56","2023-05-15T00:00:00.000","hi_178@example.com",""
"178","179","50","2022-11-23T00:00:00.000","hi_179@example.com","minimal"
"179","180","18","2021-10-17T00:00:00.000","contact180@example.com","MAXIMAL"
"180","181","44","2022-07-15T00:00:00.000","contact_181@email.com","Flexible"
"181","182","30","2020-04-08T00:00:00.000","user182@myemail.com","Regular"
"182","183","58","2021-08-20T00:00:00.000","contact_183@example.com","Maximal"
"183","184","20","2021-08-15T00:00:00.000","user184@example.com","MAXIMAL"
"184","185","56","2022-07-14T00:00:00.000","hello185@example.com","Flexible"
"185","186","23","2021-12-28T00:00:00.000","hello186@email.com","maximal"
"186","187","25","2022-04-01T00:00:00.000","contact_187@example.com","minimal"
"187","188","44","2021-01-25T00:00:00.000","hello_188@example.com","flexible"
"188","189","26","2022-05-09T00:00:00.000","hi189@myemail.com","flexible"
"189","190","54","2023-08-30T00:00:00.000","hi190@email.com","regular"
"190","191","50","2020-01-18T00:00:00.000","hi191@myemail.com","Flexible"
"191","192","59","2022-11-22T00:00:00.000","contact_192@example.com","maximal"
"192","193","61","2023-01-24T00:00:00.000","contact_193@myemail.com","MAXIMAL"
"193","194","41","2020-06-26T00:00:00.000","contact194@example.com","minimal"
"194","195","32","2022-11-25T00:00:00.000","user_195@myemail.com","Flexible"
"195","196","49","2023-10-06T00:00:00.000","user196@example.com","maximal"
"196","197","49","2022-04-14T00:00:00.000","hello197@myemail.com","Regular"
"197","198","41","2023-03-12T00:00:00.000","hi_198@example.com","Maximal"
"198","199","58","2021-02-18T00:00:00.000","hi199@email.com","flexible"
"199","200","29","2023-04-08T00:00:00.000","hello200@myemail.com","MAXIMAL"
"200","201","56","2022-09-22T00:00:00.000","hello_201@myemail.com","flexible"
"201","202","19","2021-06-12T00:00:00.000","user202@myemail.com","MAXIMAL"
"202","203","20","2020-06-22T00:00:00.000","contact_203@email.com",""
"203","204","54","2021-03-31T00:00:00.000","hello_204@email.com","MAXIMAL"
"204","205","34","2021-11-06T00:00:00.000","contact_205@example.com","flexible"
"205","206","19","2020-09-02T00:00:00.000","hello_206@email.com","MAXIMAL"
"206","207","19","2021-12-05T00:00:00.000","contact_207@email.com","Regular"
"207","208","45","2020-01-06T00:00:00.000","hello_208@email.com","regular"
"208","209","40","2023-01-26T00:00:00.000","contact_209@email.com","MAXIMAL"
"209","210","54","2023-09-22T00:00:00.000","contact_210@example.com","Flexible"
"210","211","49","2023-01-22T00:00:00.000","user211@myemail.com","Minimal"
"211","212","50","2021-02-13T00:00:00.000","hello212@myemail.com","maximal"
"212","213","18","2022-02-16T00:00:00.000","user213@example.com","Minimal"
"213","214","36","2023-03-29T00:00:00.000","user214@example.com","Minimal"
"214","215","19","2020-10-04T00:00:00.000","contact_215@example.com","minimal"
"215","216","61","2022-02-27T00:00:00.000","contact_216@example.com","Regular"
"216","217","43","2023-11-18T00:00:00.000","hi217@email.com","Flexible"
"217","218","49","2020-06-14T00:00:00.000","contact218@example.com","Maximal"
"218","219","23","2023-09-14T00:00:00.000","hello219@email.com","MAXIMAL"
"219","220","49","2022-08-29T00:00:00.000","contact220@example.com","maximal"
"220","221","21","2021-04-08T00:00:00.000","hi_221@example.com","regular"
"221","222","28","2023-07-31T00:00:00.000","user_222@email.com","Flexible"
"222","223","34","2022-09-19T00:00:00.000","hello_223@email.com","flexible"
"223","224","55","2022-02-27T00:00:00.000","user_224@myemail.com","Maximal"
"224","225","41","2022-08-04T00:00:00.000","hi225@example.com","minimal"
"225","226","22","2020-11-04T00:00:00.000","hi_226@example.com","minimal"
"226","227","51","2020-08-25T00:00:00.000","hello227@example.com","Flexible"
"227","228","23","2021-08-03T00:00:00.000","user_228@myemail.com","Minimal"
"228","229","39","2023-03-30T00:00:00.000","user229@myemail.com","flexible"
"229","230","28","2020-09-07T00:00:00.000","hi230@email.com","minimal"
"230","231","33","2022-04-17T00:00:00.000","hi_231@example.com","maximal"
"231","232","50","2023-04-24T00:00:00.000","hello232@myemail.com","minimal"
"232","233","26","2023-12-03T00:00:00.000","contact233@example.com","regular"
"233","234","23","2022-04-03T00:00:00.000","hi234@example.com","MAXIMAL"
"234","235","33","2023-11-27T00:00:00.000","user_235@example.com","minimal"
"235","236","46","2020-01-01T00:00:00.000","contact236@myemail.com","regular"
"236","237","20","2022-07-19T00:00:00.000","user237@example.com","Flexible"
"237","238","37","2021-05-18T00:00:00.000","hello_238@myemail.com","Flexible"
"238","239","53","2022-01-29T00:00:00.000","hello239@example.com","Maximal"
"239","240","36","2020-01-31T00:00:00.000","hi240@myemail.com","minimal"
"240","241","43","2020-06-22T00:00:00.000","hi241@email.com","maximal"
"241","242","20","2023-12-14T00:00:00.000","contact242@example.com","minimal"
"242","243","36","2021-07-17T00:00:00.000","hi_243@example.com","maximal"
"243","244","37","2023-09-27T00:00:00.000","hi244@example.com","Regular"
"244","245","49","2023-07-15T00:00:00.000","user_245@email.com","Maximal"
"245","246","24","2023-06-07T00:00:00.000","contact246@example.com","Regular"
"246","247","58","2021-04-22T00:00:00.000","hi247@email.com","minimal"
"247","248","50","2021-01-06T00:00:00.000","user248@email.com","Maximal"
"248","249","57","2020-03-30T00:00:00.000","user249@myemail.com","Regular"
"249","250","56","2021-01-09T00:00:00.000","hi250@example.com","Minimal"
"250","251","35","2023-09-25T00:00:00.000","contact_251@email.com","minimal"
"251","252","57","2022-05-31T00:00:00.000","user252@example.com","Regular"
"252","253","18","2020-05-02T00:00:00.000","hello_253@email.com",""
"253","254","28","2020-05-13T00:00:00.000","contact_254@myemail.com","Minimal"
"254","255","45","2023-02-10T00:00:00.000","hello_255@myemail.com","Flexible"
"255","256","42","2022-01-24T00:00:00.000","user_256@email.com","minimal"
"256","257","40","2023-06-21T00:00:00.000","user_257@email.com","Minimal"
"257","258","48","2020-04-17T00:00:00.000","hello258@myemail.com","Flexible"
"258","259","47","2023-03-27T00:00:00.000","contact259@email.com","Regular"
"259","260","59","2022-04-07T00:00:00.000","contact_260@example.com","regular"
"260","261","52","2023-04-04T00:00:00.000","hello261@example.com","minimal"
"261","262","24","2020-07-14T00:00:00.000","hello262@email.com","Maximal"
"262","263","33","2020-07-18T00:00:00.000","contact263@example.com","maximal"
"263","264","43","2022-10-21T00:00:00.000","user264@myemail.com","maximal"
"264","265","19","2022-01-08T00:00:00.000","hi_265@myemail.com",""
"265","266","18","2022-05-04T00:00:00.000","hi_266@example.com","Regular"
"266","267","29","2020-09-13T00:00:00.000","hi267@email.com","Minimal"
"267","268","22","2021-02-15T00:00:00.000","user_268@myemail.com","minimal"
"268","269","54","2022-03-30T00:00:00.000","contact269@myemail.com","maximal"
"269","270","49","2023-09-17T00:00:00.000","hello270@email.com","maximal"
"270","271","26","2022-07-31T00:00:00.000","hello271@email.com","Minimal"
"271","272","58","2021-10-19T00:00:00.000","user_272@email.com",""
"272","273","52","2020-11-25T00:00:00.000","hello273@myemail.com","Maximal"
"273","274","36","2023-12-14T00:00:00.000","contact274@myemail.com","minimal"
"274","275","33","2022-04-17T00:00:00.000","hi_275@email.com","MAXIMAL"
"275","276","20","2023-03-19T00:00:00.000","contact_276@example.com","maximal"
"276","277","37","2023-02-07T00:00:00.000","hello277@example.com","Regular"
"277","278","41","2022-12-07T00:00:00.000","hello_278@myemail.com","Maximal"
"278","279","50","2020-11-08T00:00:00.000","contact_279@email.com","maximal"
"279","280","41","2023-01-12T00:00:00.000","hi_280@email.com","Maximal"
"280","281","28","2021-04-29T00:00:00.000","contact281@example.com",""
"281","282","25","2021-09-11T00:00:00.000","hi282@example.com","MAXIMAL"
"282","283","53","2022-11-09T00:00:00.000","contact_283@email.com","flexible"
"283","284","55","2022-10-06T00:00:00.000","hello_284@example.com","Regular"
"284","285","57","2021-08-03T00:00:00.000","user_285@example.com","Regular"
"285","286","37","2021-11-11T00:00:00.000","contact_286@example.com","minimal"
"286","287","52","2023-10-29T00:00:00.000","user_287@email.com","Maximal"
"287","288","42","2022-03-15T00:00:00.000","hi288@email.com","Minimal"
"288","289","52","2021-12-02T00:00:00.000","hi289@email.com","Regular"
"289","290","42","2020-07-06T00:00:00.000","contact290@myemail.com","Maximal"
"290","291","46","2021-01-20T00:00:00.000","hello_291@myemail.com","Maximal"
"291","292","35","2020-12-15T00:00:00.000","contact292@myemail.com","regular"
"292","293","63","2020-04-09T00:00:00.000","user293@myemail.com","regular"
"293","294","35","2021-06-09T00:00:00.000","hi_294@myemail.com","flexible"
"294","295","19","2020-02-02T00:00:00.000","contact295@email.com","Flexible"
"295","296","52","2022-07-02T00:00:00.000","hello_296@example.com","flexible"
"296","297","33","2022-05-10T00:00:00.000","contact297@myemail.com","maximal"
"297","298","58","2020-12-23T00:00:00.000","contact298@example.com","Minimal"
"298","299","53","2022-07-03T00:00:00.000","hello_299@email.com","maximal"
"299","300","50","2020-12-08T00:00:00.000","hi300@email.com","maximal"
"300","301","21","2020-01-12T00:00:00.000","contact301@myemail.com","minimal"
"301","302","50","2020-04-20T00:00:00.000","hi302@example.com","maximal"
"302","303","31","2023-01-04T00:00:00.000","user_303@email.com","flexible"
"303","304","38","2022-09-07T00:00:00.000","hi304@email.com","Regular"
"304","305","37","2020-04-01T00:00:00.000","hi305@email.com","Regular"
"305","306","25","2020-12-21T00:00:00.000","user306@example.com","regular"
"306","307","24","2020-04-14T00:00:00.000","user307@email.com","Minimal"
"307","308","20","2023-11-07T00:00:00.000","hello308@email.com","Minimal"
"308","309","34","2020-02-18T00:00:00.000","user309@email.com","minimal"
"309","310","50","2023-08-28T00:00:00.000","user_310@example.com","flexible"
"310","311","29","2021-05-28T00:00:00.000","contact311@example.com","regular"
"311","312","39","2020-04-20T00:00:00.000","user_312@example.com","Minimal"
"312","313","39","2022-03-09T00:00:00.000","hi_313@example.com","Regular"
"313","314","63","2021-01-04T00:00:00.000","hello314@myemail.com","maximal"
"314","315","47","2021-03-08T00:00:00.000","hello_315@email.com","maximal"
"315","316","55","2022-11-05T00:00:00.000","contact316@myemail.com","regular"
"316","317","55","2022-01-24T00:00:00.000","hello_317@example.com","flexible"
"317","318","62","2020-11-28T00:00:00.000","user318@email.com","flexible"
"318","319","25","2022-04-17T00:00:00.000","contact_319@example.com","Flexible"
"319","320","44","2020-07-24T00:00:00.000","hello_320@example.com","MAXIMAL"
"320","321","44","2023-01-28T00:00:00.000","contact321@example.com","Minimal"
"321","322","51","2023-12-24T00:00:00.000","contact_322@myemail.com","flexible"
"322","323","38","2023-10-02T00:00:00.000","hi_323@myemail.com","Regular"
"323","324","47","2022-06-06T00:00:00.000","hello_324@email.com","regular"
"324","325","50","2022-06-14T00:00:00.000","hello325@email.com","Flexible"
"325","326","45","2022-01-04T00:00:00.000","contact_326@myemail.com","Maximal"
"326","327","64","2021-01-12T00:00:00.000","hello327@email.com",""
"327","328","50","2023-05-03T00:00:00.000","hi328@email.com",""
"328","329","22","2022-01-04T00:00:00.000","hello329@myemail.com","maximal"
"329","330","36","2023-06-08T00:00:00.000","hello_330@myemail.com","minimal"
"330","331","21","2021-09-24T00:00:00.000","hi_331@myemail.com","Minimal"
"331","332","52","2020-10-22T00:00:00.000","hi_332@myemail.com","Regular"
"332","333","34","2020-05-26T00:00:00.000","hello333@myemail.com","minimal"
"333","334","61","2020-05-30T00:00:00.000","hi_334@example.com","MAXIMAL"
"334","335","45","2022-10-20T00:00:00.000","user_335@email.com","Maximal"
"335","336","47","2021-10-31T00:00:00.000","hello336@myemail.com","Minimal"
"336","337","46","2021-07-04T00:00:00.000","contact337@myemail.com","MAXIMAL"
"337","338","63","2021-10-20T00:00:00.000","hello_338@example.com","maximal"
"338","339","23","2021-09-30T00:00:00.000","hi_339@example.com","MAXIMAL"
"339","340","52","2021-12-26T00:00:00.000","contact_340@email.com","Flexible"
"340","341","58","2023-09-03T00:00:00.000","hi_341@example.com","Flexible"
"341","342","54","2023-02-06T00:00:00.000","user342@myemail.com","regular"
"342","343","41","2020-03-25T00:00:00.000","hello343@email.com","Minimal"
"343","344","46","2022-11-12T00:00:00.000","hello344@example.com","maximal"
"344","345","63","2022-10-12T00:00:00.000","user345@example.com","flexible"
"345","346","48","2022-09-30T00:00:00.000","contact_346@example.com","Flexible"
"346","347","52","2020-06-01T00:00:00.000","contact_347@email.com","Minimal"
"347","348","50","2020-04-04T00:00:00.000","contact348@example.com",""
"348","349","38","2021-09-17T00:00:00.000","hi349@email.com","regular"
"349","350","49","2023-02-05T00:00:00.000","hi_350@myemail.com","MAXIMAL"