"index","customer_id","location","age","registration_date"
"0","1","arkansas","32 Years","2018-10-22T00:00:00.000"
"1","2","texas","23 Years","2019-03-03T00:00:00.000"
"2","3","ILLINOIS","59 Years","2018-04-12T00:00:00.000"
"3","4","pennsylvania","39 Years","2018-09-05T00:00:00.000"
"4","5","NEW YORK","71 Years","2019-01-29T00:00:00.000"
"5","6","Arizona","85 Years","2021-07-20T00:00:00.000"
"6","7","Iowa","34 Years","2019-07-05T00:00:00.000"
"7","8","alabama","59 Years","2020-09-10T00:00:00.000"
"8","9","California","50 Years","2020-07-20T00:00:00.000"
"9","10","new jersey","60 Years","2020-06-02T00:00:00.000"
"10","11","New York","85 Years","2020-01-16T00:00:00.000"
"11","12","washington","44 Years","2021-10-28T00:00:00.000"
"12","13","New York","69 Years","2018-07-07T00:00:00.000"
"13","14","CALIFORNIA","29 Years","2019-05-03T00:00:00.000"
"14","15","alabama","50 Years","2020-09-01T00:00:00.000"
"15","16","maryland","41 Years","2020-07-28T00:00:00.000"
"16","17","ohio","38 Years","2018-05-04T00:00:00.000"
"17","18","florida","72 Years","2019-11-05T00:00:00.000"
"18","19","florida","23 Years","2018-12-22T00:00:00.000"
"19","20","Kentucky","77 Years","2018-05-10T00:00:00.000"
"20","21","Ohio","21 Years","2021-09-27T00:00:00.000"
"21","22","florida","40 Years","2019-03-11T00:00:00.000"
"22","23","virginia","28 Years","2020-12-15T00:00:00.000"
"23","24","texas","57 Years","2018-08-06T00:00:00.000"
"24","25","Rhode Island","76 Years","2021-04-16T00:00:00.000"
"25","26","ohio","63 Years","2019-06-12T00:00:00.000"
"26","27","LOUISIANA","42 Years","2021-03-26T00:00:00.000"
"27","28","Indiana","26 Years","2020-03-24T00:00:00.000"
"28","29","TENNESSEE","21 Years","2021-05-19T00:00:00.000"
"29","30","Oklahoma","79 Years","2018-06-27T00:00:00.000"
"30","31","south dakota","61 Years","2018-07-23T00:00:00.000"
"31","32","Texas","52 Years","2020-06-03T00:00:00.000"
"32","33","Arizona","23 Years","2021-05-03T00:00:00.000"
"33","34","arkansas","33 Years","2018-07-26T00:00:00.000"
"34","35","tennessee","63 Years","2019-02-27T00:00:00.000"
"35","36","NEW JERSEY","48 Years","2021-10-14T00:00:00.000"
"36","37","Arizona","80 Years","2020-08-18T00:00:00.000"
"37","38","wisconsin","47 Years","2020-10-20T00:00:00.000"
"38","39","ALABAMA","41 Years","2020-12-31T00:00:00.000"
"39","40","TEXAS","56 Years","2018-10-30T00:00:00.000"
"40","41","Mississippi","20 Years","2020-10-16T00:00:00.000"
"41","42","Connecticut","34 Years","2021-09-28T00:00:00.000"
"42","43","South Dakota","21 Years","2020-12-14T00:00:00.000"
"43","44","WISCONSIN","38 Years","2020-04-22T00:00:00.000"
"44","45","VIRGINIA","29 Years","2020-11-18T00:00:00.000"
"45","46","South Carolina","27 Years","2020-10-09T00:00:00.000"
"46","47","CALIFORNIA","38 Years","2021-04-14T00:00:00.000"
"47","48","Massachusetts","40 Years","2021-06-03T00:00:00.000"
"48","49","kentucky","20 Years","2022-05-21T00:00:00.000"
"49","50","new york","71 Years","2019-06-25T00:00:00.000"
"50","51","TEXAS","61 Years","2020-04-24T00:00:00.000"
"51","52","New Mexico","59 Years","2022-06-09T00:00:00.000"
"52","53","Texas","18 Years","2020-09-02T00:00:00.000"
"53","54","pennsylvania","28 Years","2020-05-05T00:00:00.000"
"54","55","new jersey","30 Years","2020-12-06T00:00:00.000"
"55","56","minnesota","30 Years","2020-03-02T00:00:00.000"
"56","57","Florida","37 Years","2020-04-17T00:00:00.000"
"57","58","Michigan","68 Years","2020-02-14T00:00:00.000"
"58","59","PENNSYLVANIA","47 Years","2019-10-09T00:00:00.000"
"59","60","NEW YORK","88 Years","2020-10-27T00:00:00.000"
"60","61","Massachusetts","58 Years","2023-01-17T00:00:00.000"
"61","62","minnesota","81 Years","2020-11-01T00:00:00.000"
"62","63","texas","47 Years","2021-05-11T00:00:00.000"
"63","64","georgia","61 Years","2020-01-05T00:00:00.000"
"64","65","michigan","35 Years","2019-01-23T00:00:00.000"
"65","66","kentucky","75 Years","2020-10-20T00:00:00.000"
"66","67","Colorado","77 Years","2022-03-03T00:00:00.000"
"67","68","NEW YORK","32 Years","2020-10-15T00:00:00.000"
"68","69","texas","71 Years","2021-11-04T00:00:00.000"
"69","70","Alabama","36 Years","2021-09-07T00:00:00.000"
"70","71","CALIFORNIA","86 Years","2021-12-10T00:00:00.000"
"71","72","TEXAS","54 Years","2019-05-24T00:00:00.000"
"72","73","minnesota","51 Years","2022-06-17T00:00:00.000"
"73","74","california","19 Years","2019-01-28T00:00:00.000"
"74","75","Kentucky","60 Years","2020-10-02T00:00:00.000"
"75","76","North Carolina","43 Years","2018-10-14T00:00:00.000"
"76","77","KENTUCKY","30 Years","2021-08-25T00:00:00.000"
"77","78","florida","89 Years","2020-11-22T00:00:00.000"
"78","79","florida","32 Years","2020-06-24T00:00:00.000"
"79","80","NEW YORK","25 Years","2019-04-06T00:00:00.000"
"80","81","Nevada","46 Years","2021-02-08T00:00:00.000"
"81","82","Minnesota","34 Years","2020-07-08T00:00:00.000"
"82","83","New Jersey","37 Years","2021-07-29T00:00:00.000"
"83","84","california","83 Years","2018-11-20T00:00:00.000"
"84","85","KANSAS","80 Years","2019-07-19T00:00:00.000"
"85","86","oregon","68 Years","2020-06-08T00:00:00.000"
"86","87","Massachusetts","27 Years","2018-06-30T00:00:00.000"
"87","88","texas","85 Years","2020-07-03T00:00:00.000"
"88","89","Missouri","43 Years","2022-03-05T00:00:00.000"
"89","90","Texas","53 Years","2020-12-12T00:00:00.000"
"90","91","illinois","41 Years","2020-04-28T00:00:00.000"
"91","92","north carolina","68 Years","2020-05-14T00:00:00.000"
"92","93","arizona","18 Years","2021-04-30T00:00:00.000"
"93","94","Pennsylvania","44 Years","2022-07-05T00:00:00.000"
"94","95","illinois","89 Years","2021-02-04T00:00:00.000"
"95","96","California","89 Years","2020-07-22T00:00:00.000"
"96","97","Washington","70 Years","2020-11-13T00:00:00.000"
"97","98","Illinois","75 Years","2020-08-09T00:00:00.000"
"98","99","Michigan","82 Years","2019-10-14T00:00:00.000"
"99","100","Arizona","42 Years","2022-01-02T00:00:00.000"
"100","101","New Jersey","70 Years","2021-05-08T00:00:00.000"
"101","102","CALIFORNIA","88 Years","2018-09-29T00:00:00.000"
"102","103","Pennsylvania","86 Years","2018-09-08T00:00:00.000"
"103","104","TEXAS","49 Years","2020-12-09T00:00:00.000"
"104","105","Arizona","48 Years","2019-10-26T00:00:00.000"
"105","106","oregon","84 Years","2020-07-14T00:00:00.000"
"106","107","alabama","44 Years","2018-06-25T00:00:00.000"
"107","108","pennsylvania","89 Years","2021-01-14T00:00:00.000"
"108","109","NEW JERSEY","56 Years","2020-09-29T00:00:00.000"
"109","110","California","46 Years","2018-12-08T00:00:00.000"
"110","111","kentucky","71 Years","2018-04-25T00:00:00.000"
"111","112","Ohio","29 Years","2020-10-05T00:00:00.000"
"112","113","MASSACHUSETTS","65 Years","2021-02-16T00:00:00.000"
"113","114","MISSOURI","42 Years","2020-05-14T00:00:00.000"
"114","115","texas","32 Years","2019-07-25T00:00:00.000"
"115","116","illinois","47 Years","2021-11-27T00:00:00.000"
"116","117","texas","72 Years","2022-04-01T00:00:00.000"
"117","118","Texas","19 Years","2021-12-10T00:00:00.000"
"118","119","Missouri","29 Years","2022-02-26T00:00:00.000"
"119","120","new york","26 Years","2019-06-23T00:00:00.000"
"120","121","California","74 Years","2019-07-29T00:00:00.000"
"121","122","Texas","57 Years","2018-04-30T00:00:00.000"
"122","123","Georgia","26 Years","2020-09-03T00:00:00.000"
"123","124","California","21 Years","2020-09-24T00:00:00.000"
"124","125","California","32 Years","2018-09-05T00:00:00.000"
"125","126","louisiana","53 Years","2018-10-05T00:00:00.000"
"126","127","MISSOURI","51 Years","2021-09-20T00:00:00.000"
"127","128","california","33 Years","2020-04-22T00:00:00.000"
"128","129","kentucky","37 Years","2022-07-02T00:00:00.000"
"129","130","New York","54 Years","2020-12-09T00:00:00.000"
"130","131","Georgia","57 Years","2018-06-04T00:00:00.000"
"131","132","OKLAHOMA","82 Years","2020-05-02T00:00:00.000"
"132","133","washington","88 Years","2019-04-21T00:00:00.000"
"133","134","Kentucky","48 Years","2020-11-22T00:00:00.000"
"134","135","NEW YORK","37 Years","2018-09-22T00:00:00.000"
"135","136","california","47 Years","2020-12-26T00:00:00.000"
"136","137","Tennessee","57 Years","2019-03-07T00:00:00.000"
"137","138","ohio","86 Years","2018-12-21T00:00:00.000"
"138","139","oklahoma","77 Years","2022-09-26T00:00:00.000"
"139","140","texas","74 Years","2021-01-13T00:00:00.000"
"140","141","texas","64 Years","2019-05-20T00:00:00.000"
"141","142","CALIFORNIA","51 Years","2020-07-09T00:00:00.000"
"142","143","New York","22 Years","2022-01-12T00:00:00.000"
"143","144","Ohio","79 Years","2021-05-29T00:00:00.000"
"144","145","michigan","80 Years","2022-01-09T00:00:00.000"
"145","146","texas","39 Years","2020-06-10T00:00:00.000"
"146","147","Louisiana","71 Years","2020-12-01T00:00:00.000"
"147","148","PENNSYLVANIA","77 Years","2020-07-25T00:00:00.000"
"148","149","michigan","65 Years","2020-12-17T00:00:00.000"
"149","150","Michigan","83 Years","2020-01-09T00:00:00.000"
"150","151","Missouri","85 Years","2020-10-13T00:00:00.000"
"151","152","Minnesota","45 Years","2020-06-15T00:00:00.000"
"152","153","Massachusetts","22 Years","2019-07-05T00:00:00.000"
"153","154","COLORADO","28 Years","2020-04-01T00:00:00.000"
"154","155","texas","88 Years","2020-10-02T00:00:00.000"
"155","156","Colorado","19 Years","2020-10-21T00:00:00.000"
"156","157","california","80 Years","2020-03-09T00:00:00.000"
"157","158","arizona","28 Years","2021-03-10T00:00:00.000"
"158","159","virginia","54 Years","2020-11-19T00:00:00.000"
"159","160","CALIFORNIA","52 Years","2022-11-09T00:00:00.000"
"160","161","CALIFORNIA","27 Years","2022-01-03T00:00:00.000"
"161","162","INDIANA","68 Years","2018-06-29T00:00:00.000"
"162","163","NEW YORK","64 Years","2020-01-24T00:00:00.000"
"163","164","illinois","58 Years","2020-12-03T00:00:00.000"
"164","165","texas","78 Years","2021-04-15T00:00:00.000"
"165","166","New York","51 Years","2020-10-09T00:00:00.000"
"166","167","california","87 Years","2018-05-04T00:00:00.000"
"167","168","new mexico","43 Years","2020-10-04T00:00:00.000"
"168","169","Georgia","67 Years","2021-04-23T00:00:00.000"
"169","170","North Dakota","27 Years","2019-02-01T00:00:00.000"
"170","171","DELAWARE","40 Years","2019-04-21T00:00:00.000"
"171","172","illinois","67 Years","2021-05-19T00:00:00.000"
"172","173","louisiana","32 Years","2020-03-20T00:00:00.000"
"173","174","california","47 Years","2020-06-20T00:00:00.000"
"174","175","Texas","89 Years","2020-08-14T00:00:00.000"
"175","176","ohio","72 Years","2020-05-09T00:00:00.000"
"176","177","ohio","73 Years","2020-02-29T00:00:00.000"
"177","178","MASSACHUSETTS","56 Years","2022-12-03T00:00:00.000"
"178","179","california","45 Years","2021-09-05T00:00:00.000"
"179","180","arizona","70 Years","2020-09-27T00:00:00.000"
"180","181","georgia","77 Years","2020-11-18T00:00:00.000"
"181","182","ohio","26 Years","2021-03-11T00:00:00.000"
"182","183","MARYLAND","69 Years","2020-04-20T00:00:00.000"
"183","184","texas","71 Years","2018-07-08T00:00:00.000"
"184","185","Mississippi","50 Years","2021-04-06T00:00:00.000"
"185","186","alabama","62 Years","2019-06-19T00:00:00.000"
"186","187","INDIANA","65 Years","2019-08-01T00:00:00.000"
"187","188","california","68 Years","2022-03-09T00:00:00.000"
"188","189","IDAHO","28 Years","2021-05-28T00:00:00.000"
"189","190","utah","27 Years","2021-02-14T00:00:00.000"
"190","191","Texas","82 Years","2018-08-02T00:00:00.000"
"191","192","NEW JERSEY","87 Years","2021-05-14T00:00:00.000"
"192","193","florida","64 Years","2019-10-11T00:00:00.000"
"193","194","colorado","69 Years","2021-03-03T00:00:00.000"
"194","195","Missouri","63 Years","2018-04-12T00:00:00.000"
"195","196","LOUISIANA","75 Years","2022-02-07T00:00:00.000"
"196","197","ALABAMA","56 Years","2020-02-17T00:00:00.000"
"197","198","florida","43 Years","2020-09-17T00:00:00.000"
"198","199","georgia","60 Years","2019-11-02T00:00:00.000"
"199","200","California","73 Years","2021-12-16T00:00:00.000"
"200","201","new jersey","44 Years","2021-09-29T00:00:00.000"
"201","202","texas","44 Years","2020-08-02T00:00:00.000"
"202","203","north carolina","74 Years","2021-01-28T00:00:00.000"
"203","204","ILLINOIS","84 Years","2020-04-19T00:00:00.000"
"204","205","Texas","87 Years","2021-07-26T00:00:00.000"
"205","206","oregon","86 Years","2020-09-11T00:00:00.000"
"206","207","texas","44 Years","2019-11-18T00:00:00.000"
"207","208","TEXAS","32 Years","2020-05-06T00:00:00.000"
"208","209","california","64 Years","2022-04-30T00:00:00.000"
"209","210","pennsylvania","81 Years","2019-12-31T00:00:00.000"
"210","211","Washington","23 Years","2018-06-25T00:00:00.000"
"211","212","Illinois","63 Years","2019-06-19T00:00:00.000"
"212","213","new york","64 Years","2019-11-09T00:00:00.000"
"213","214","florida","77 Years","2021-02-13T00:00:00.000"
"214","215","Arkansas","50 Years","2018-04-25T00:00:00.000"
"215","216","NEW YORK","52 Years","2022-05-23T00:00:00.000"
"216","217","pennsylvania","82 Years","2018-06-17T00:00:00.000"
"217","218","Washington","34 Years","2019-01-08T00:00:00.000"
"218","219","PENNSYLVANIA","57 Years","2019-03-29T00:00:00.000"
"219","220","Colorado","34 Years","2018-11-21T00:00:00.000"
"220","221","NEW HAMPSHIRE","54 Years","2022-04-11T00:00:00.000"
"221","222","TEXAS","35 Years","2021-01-17T00:00:00.000"
"222","223","Kentucky","30 Years","2020-01-27T00:00:00.000"
"223","224","Tennessee","63 Years","2019-01-20T00:00:00.000"
"224","225","WISCONSIN","52 Years","2018-04-30T00:00:00.000"
"225","226","Massachusetts","52 Years","2020-05-14T00:00:00.000"
"226","227","california","27 Years","2020-09-08T00:00:00.000"
"227","228","texas","64 Years","2021-07-20T00:00:00.000"
"228","229","texas","64 Years","2018-11-23T00:00:00.000"
"229","230","California","52 Years","2019-04-28T00:00:00.000"
"230","231","Texas","88 Years","2021-11-14T00:00:00.000"
"231","232","tennessee","59 Years","2019-07-22T00:00:00.000"
"232","233","NEW YORK","82 Years","2019-02-08T00:00:00.000"
"233","234","florida","43 Years","2021-06-05T00:00:00.000"
"234","235","georgia","67 Years","2020-05-03T00:00:00.000"
"235","236","Georgia","31 Years","2021-06-29T00:00:00.000"
"236","237","MICHIGAN","29 Years","2021-07-05T00:00:00.000"
"237","238","pennsylvania","49 Years","2020-08-05T00:00:00.000"
"238","239","KENTUCKY","67 Years","2020-11-11T00:00:00.000"
"239","240","INDIANA","33 Years","2019-03-01T00:00:00.000"
"240","241","ILLINOIS","52 Years","2021-03-02T00:00:00.000"
"241","242","Oregon","49 Years","2020-11-08T00:00:00.000"
"242","243","Texas","51 Years","2020-04-15T00:00:00.000"
"243","244","Michigan","29 Years","2019-10-30T00:00:00.000"
"244","245","North Dakota","89 Years","2020-06-24T00:00:00.000"
"245","246","CALIFORNIA","46 Years","2021-06-01T00:00:00.000"
"246","247","TENNESSEE","29 Years","2019-07-05T00:00:00.000"
"247","248","New Hampshire","54 Years","2021-12-28T00:00:00.000"
"248","249","oregon","75 Years","2018-06-22T00:00:00.000"
"249","250","New York","75 Years","2018-08-03T00:00:00.000"
"250","251","California","42 Years","2018-06-14T00:00:00.000"
"251","252","ohio","29 Years","2022-03-20T00:00:00.000"
"252","253","HAWAII","35 Years","2019-11-19T00:00:00.000"
"253","254","california","60 Years","2022-10-09T00:00:00.000"
"254","255","NEW YORK","43 Years","2021-02-20T00:00:00.000"
"255","256","wisconsin","39 Years","2021-08-19T00:00:00.000"
"256","257","washington","73 Years","2018-08-11T00:00:00.000"
"257","258","west virginia","59 Years","2019-10-19T00:00:00.000"
"258","259","North Carolina","28 Years","2020-05-09T00:00:00.000"
"259","260","California","37 Years","2021-01-18T00:00:00.000"
"260","261","Michigan","87 Years","2018-07-25T00:00:00.000"
"261","262","florida","86 Years","2020-11-02T00:00:00.000"
"262","263","GEORGIA","62 Years","2019-09-12T00:00:00.000"
"263","264","ARIZONA","28 Years","2021-03-15T00:00:00.000"
"264","265","MISSOURI","43 Years","2021-07-15T00:00:00.000"
"265","266","missouri","39 Years","2022-12-21T00:00:00.000"
"266","267","New York","79 Years","2018-09-05T00:00:00.000"
"267","268","new hampshire","23 Years","2021-12-31T00:00:00.000"
"268","269","ARIZONA","63 Years","2021-01-20T00:00:00.000"
"269","270","illinois","47 Years","2018-10-08T00:00:00.000"
"270","271","Arizona","49 Years","2020-08-06T00:00:00.000"
"271","272","texas","52 Years","2021-04-04T00:00:00.000"
"272","273","VIRGINIA","33 Years","2019-03-18T00:00:00.000"
"273","274","new york","83 Years","2018-08-16T00:00:00.000"
"274","275","Minnesota","53 Years","2019-06-11T00:00:00.000"
"275","276","CALIFORNIA","20 Years","2021-05-10T00:00:00.000"
"276","277","MICHIGAN","58 Years","2020-10-28T00:00:00.000"
"277","278","pennsylvania","74 Years","2019-08-03T00:00:00.000"
"278","279","new york","39 Years","2021-02-06T00:00:00.000"
"279","280","CALIFORNIA","58 Years","2019-03-21T00:00:00.000"
"280","281","FLORIDA","60 Years","2020-05-02T00:00:00.000"
"281","282","minnesota","20 Years","2021-06-28T00:00:00.000"
"282","283","utah","26 Years","2021-09-03T00:00:00.000"
"283","284","new york","40 Years","2018-09-02T00:00:00.000"
"284","285","Indiana","73 Years","2021-02-10T00:00:00.000"
"285","286","ARKANSAS","87 Years","2020-07-18T00:00:00.000"
"286","287","Illinois","51 Years","2021-03-31T00:00:00.000"
"287","288","florida","35 Years","2021-06-12T00:00:00.000"
"288","289","california","82 Years","2018-06-02T00:00:00.000"
"289","290","NORTH CAROLINA","22 Years","2019-08-27T00:00:00.000"
"290","291","CALIFORNIA","68 Years","2019-09-19T00:00:00.000"
"291","292","WASHINGTON","27 Years","2018-12-22T00:00:00.000"
"292","293","maryland","64 Years","2020-05-01T00:00:00.000"
"293","294","washington","89 Years","2019-05-31T00:00:00.000"
"294","295","Pennsylvania","53 Years","2019-06-03T00:00:00.000"
"295","296","Utah","85 Years","2019-09-23T00:00:00.000"
"296","297","VERMONT","60 Years","2020-05-04T00:00:00.000"
"297","298","california","22 Years","2021-03-11T00:00:00.000"
"298","299","washington","40 Years","2018-12-04T00:00:00.000"
"299","300","TEXAS","73 Years","2019-04-02T00:00:00.000"
"300","301","tennessee","55 Years","2019-08-14T00:00:00.000"
"301","302","arizona","21 Years","2018-08-03T00:00:00.000"
"302","303","Mississippi","45 Years","2019-03-27T00:00:00.000"
"303","304","california","66 Years","2021-04-10T00:00:00.000"
"304","305","NEW YORK","88 Years","2018-10-26T00:00:00.000"
"305","306","New York","27 Years","2020-06-29T00:00:00.000"
"306","307","Minnesota","30 Years","2021-01-19T00:00:00.000"
"307","308","MICHIGAN","40 Years","2020-07-08T00:00:00.000"
"308","309","texas","81 Years","2020-12-14T00:00:00.000"
"309","310","california","47 Years","2022-06-28T00:00:00.000"
"310","311","Virginia","22 Years","2019-03-07T00:00:00.000"
"311","312","Indiana","34 Years","2022-07-11T00:00:00.000"
"312","313","illinois","89 Years","2020-04-04T00:00:00.000"
"313","314","Idaho","77 Years","2020-01-01T00:00:00.000"
"314","315","Oregon","81 Years","2022-10-20T00:00:00.000"
"315","316","SOUTH DAKOTA","77 Years","2022-02-05T00:00:00.000"
"316","317","california","34 Years","2022-07-23T00:00:00.000"
"317","318","TEXAS","23 Years","2021-01-01T00:00:00.000"
"318","319","ohio","58 Years","2022-05-10T00:00:00.000"
"319","320","ARIZONA","54 Years","2022-06-29T00:00:00.000"
"320","321","CALIFORNIA","84 Years","2020-05-05T00:00:00.000"
"321","322","Texas","77 Years","2018-06-09T00:00:00.000"
"322","323","kansas","48 Years","2020-08-23T00:00:00.000"
"323","324","Washington","60 Years","2020-06-19T00:00:00.000"
"324","325","california","25 Years","2021-04-12T00:00:00.000"
"325","326","california","67 Years","2019-03-19T00:00:00.000"
"326","327","illinois","51 Years","2019-01-05T00:00:00.000"
"327","328","missouri","75 Years","2019-05-30T00:00:00.000"
"328","329","new york","48 Years","2022-01-14T00:00:00.000"
"329","330","Indiana","27 Years","2020-06-05T00:00:00.000"
"330","331","CALIFORNIA","41 Years","2020-04-12T00:00:00.000"
"331","332","texas","24 Years","2021-02-24T00:00:00.000"
"332","333","Texas","43 Years","2018-12-17T00:00:00.000"
"333","334","Pennsylvania","68 Years","2020-10-18T00:00:00.000"
"334","335","florida","81 Years","2022-02-22T00:00:00.000"
"335","336","CALIFORNIA","37 Years","2022-08-04T00:00:00.000"
"336","337","COLORADO","57 Years","2018-06-02T00:00:00.000"
"337","338","california","84 Years","2018-10-24T00:00:00.000"
"338","339","OKLAHOMA","60 Years","2022-05-18T00:00:00.000"
"339","340","New York","69 Years","2020-08-28T00:00:00.000"
"340","341","California","69 Years","2021-06-29T00:00:00.000"
"341","342","texas","46 Years","2021-04-29T00:00:00.000"
"342","343","South Carolina","30 Years","2021-08-20T00:00:00.000"
"343","344","indiana","79 Years","2020-07-03T00:00:00.000"
"344","345","CALIFORNIA","72 Years","2022-12-04T00:00:00.000"
"345","346","maryland","23 Years","2020-05-07T00:00:00.000"
"346","347","Kentucky","83 Years","2021-04-06T00:00:00.000"
"347","348","California","82 Years","2019-09-24T00:00:00.000"
"348","349","colorado","44 Years","2020-06-11T00:00:00.000"
"349","350","OHIO","45 Years","2020-04-20T00:00:00.000"
"350","351","Illinois","40 Years","2022-10-22T00:00:00.000"
"351","352","California","20 Years","2021-02-10T00:00:00.000"
"352","353","arkansas","45 Years","2021-06-03T00:00:00.000"
"353","354","Iowa","78 Years","2021-10-22T00:00:00.000"
"354","355","New York","31 Years","2020-09-22T00:00:00.000"
"355","356","ILLINOIS","35 Years","2022-08-29T00:00:00.000"
"356","357","California","59 Years","2020-02-22T00:00:00.000"
"357","358","Kansas","47 Years","2022-01-22T00:00:00.000"
"358","359","florida","33 Years","2019-02-03T00:00:00.000"
"359","360","california","55 Years","2020-07-01T00:00:00.000"
"360","361","kentucky","89 Years","2022-12-17T00:00:00.000"
"361","362","MISSOURI","41 Years","2019-02-28T00:00:00.000"
"362","363","Mississippi","50 Years","2018-10-14T00:00:00.000"
"363","364","Tennessee","58 Years","2020-05-30T00:00:00.000"
"364","365","Kentucky","73 Years","2019-01-11T00:00:00.000"
"365","366","Oklahoma","42 Years","2018-08-01T00:00:00.000"
"366","367","Massachusetts","41 Years","2021-06-04T00:00:00.000"
"367","368","Texas","65 Years","2018-11-25T00:00:00.000"
"368","369","Illinois","84 Years","2020-12-22T00:00:00.000"
"369","370","Florida","56 Years","2021-04-22T00:00:00.000"
"370","371","new york","80 Years","2022-01-08T00:00:00.000"
"371","372","new jersey","63 Years","2022-08-17T00:00:00.000"
"372","373","Florida","28 Years","2021-05-10T00:00:00.000"
"373","374","florida","29 Years","2021-07-26T00:00:00.000"
"374","375","arizona","50 Years","2020-12-11T00:00:00.000"
"375","376","Tennessee","81 Years","2021-09-15T00:00:00.000"
"376","377","Nevada","77 Years","2019-05-02T00:00:00.000"
"377","378","Wisconsin","77 Years","2019-10-19T00:00:00.000"
"378","379","New York","26 Years","2022-10-03T00:00:00.000"
"379","380","Washington","43 Years","2020-06-15T00:00:00.000"
"380","381","south carolina","51 Years","2019-07-14T00:00:00.000"
"381","382","California","30 Years","2018-09-08T00:00:00.000"
"382","383","California","87 Years","2021-06-27T00:00:00.000"
"383","384","New York","31 Years","2021-08-23T00:00:00.000"
"384","385","INDIANA","64 Years","2020-03-27T00:00:00.000"
"385","386","Massachusetts","74 Years","2019-02-26T00:00:00.000"
"386","387","TENNESSEE","81 Years","2022-06-18T00:00:00.000"
"387","388","Michigan","50 Years","2020-05-04T00:00:00.000"
"388","389","north carolina","71 Years","2020-08-04T00:00:00.000"
"389","390","NEBRASKA","25 Years","2019-05-02T00:00:00.000"
"390","391","Massachusetts","45 Years","2019-02-18T00:00:00.000"
"391","392","washington","48 Years","2021-05-04T00:00:00.000"
"392","393","new york","45 Years","2022-03-12T00:00:00.000"
"393","394","Minnesota","22 Years","2019-01-15T00:00:00.000"
"394","395","CALIFORNIA","58 Years","2022-05-08T00:00:00.000"
"395","396","texas","74 Years","2020-09-13T00:00:00.000"
"396","397","missouri","18 Years","2020-04-24T00:00:00.000"
"397","398","Georgia","26 Years","2020-09-15T00:00:00.000"
"398","399","Virginia","22 Years","2019-07-04T00:00:00.000"
"399","400","Ohio","19 Years","2018-10-30T00:00:00.000"
"400","401","Texas","84 Years","2021-04-21T00:00:00.000"
"401","402","Tennessee","43 Years","2021-05-02T00:00:00.000"
"402","403","California","21 Years","2021-03-30T00:00:00.000"
"403","404","Alabama","39 Years","2018-12-29T00:00:00.000"
"404","405","Texas","87 Years","2021-09-18T00:00:00.000"
"405","406","Kentucky","26 Years","2019-06-30T00:00:00.000"
"406","407","california","31 Years","2021-10-04T00:00:00.000"
"407","408","new jersey","37 Years","2021-08-07T00:00:00.000"
"408","409","wisconsin","71 Years","2021-08-06T00:00:00.000"
"409","410","Oklahoma","44 Years","2020-08-05T00:00:00.000"
"410","411","Georgia","63 Years","2018-06-16T00:00:00.000"
"411","412","North Carolina","74 Years","2021-09-15T00:00:00.000"
"412","413","COLORADO","33 Years","2018-05-20T00:00:00.000"
"413","414","california","46 Years","2019-11-21T00:00:00.000"
"414","415","CALIFORNIA","33 Years","2018-06-24T00:00:00.000"
"415","416","colorado","25 Years","2020-03-08T00:00:00.000"
"416","417","colorado","70 Years","2022-06-21T00:00:00.000"
"417","418","illinois","56 Years","2020-03-26T00:00:00.000"
"418","419","California","50 Years","2018-09-09T00:00:00.000"
"419","420","ILLINOIS","29 Years","2022-12-04T00:00:00.000"
"420","421","california","23 Years","2019-05-02T00:00:00.000"
"421","422","VERMONT","74 Years","2021-02-03T00:00:00.000"
"422","423","OHIO","38 Years","2021-05-13T00:00:00.000"
"423","424","New York","22 Years","2018-06-17T00:00:00.000"
"424","425","Florida","27 Years","2019-03-16T00:00:00.000"
"425","426","Alaska","51 Years","2020-05-18T00:00:00.000"
"426","427","GEORGIA","23 Years","2018-06-18T00:00:00.000"
"427","428","california","45 Years","2020-06-25T00:00:00.000"
"428","429","TEXAS","88 Years","2018-05-28T00:00:00.000"
"429","430","north carolina","58 Years","2020-06-23T00:00:00.000"
"430","431","ILLINOIS","26 Years","2021-07-19T00:00:00.000"
"431","432","California","49 Years","2021-06-20T00:00:00.000"
"432","433","CALIFORNIA","30 Years","2021-06-30T00:00:00.000"
"433","434","pennsylvania","47 Years","2020-12-07T00:00:00.000"
"434","435","NORTH CAROLINA","69 Years","2022-06-06T00:00:00.000"
"435","436","SOUTH CAROLINA","72 Years","2022-05-13T00:00:00.000"
"436","437","georgia","55 Years","2018-12-30T00:00:00.000"
"437","438","ohio","24 Years","2021-10-19T00:00:00.000"
"438","439","Massachusetts","80 Years","2021-11-13T00:00:00.000"
"439","440","nebraska","18 Years","2019-03-31T00:00:00.000"
"440","441","louisiana","46 Years","2021-09-28T00:00:00.000"
"441","442","michigan","51 Years","2021-04-02T00:00:00.000"
"442","443","iowa","59 Years","2021-02-27T00:00:00.000"
"443","444","new jersey","64 Years","2019-09-08T00:00:00.000"
"444","445","MISSISSIPPI","77 Years","2022-10-07T00:00:00.000"
"445","446","florida","37 Years","2019-06-16T00:00:00.000"
"446","447","WISCONSIN","26 Years","2018-06-08T00:00:00.000"
"447","448","louisiana","31 Years","2019-05-27T00:00:00.000"
"448","449","California","88 Years","2019-06-22T00:00:00.000"
"449","450","kentucky","79 Years","2019-10-01T00:00:00.000"
"450","451","TEXAS","89 Years","2020-01-20T00:00:00.000"
"451","452","pennsylvania","88 Years","2019-09-05T00:00:00.000"
"452","453","MICHIGAN","41 Years","2018-11-22T00:00:00.000"
"453","454","California","74 Years","2020-02-07T00:00:00.000"
"454","455","PENNSYLVANIA","27 Years","2020-05-31T00:00:00.000"
"455","456","MISSOURI","68 Years","2021-11-26T00:00:00.000"
"456","457","Wisconsin","37 Years","2020-06-29T00:00:00.000"
"457","458","new york","30 Years","2021-04-18T00:00:00.000"
"458","459","TEXAS","80 Years","2019-12-30T00:00:00.000"
"459","460","New York","40 Years","2021-06-28T00:00:00.000"
"460","461","pennsylvania","31 Years","2021-04-15T00:00:00.000"
"461","462","Virginia","50 Years","2018-08-16T00:00:00.000"
"462","463","Virginia","64 Years","2020-06-04T00:00:00.000"
"463","464","CALIFORNIA","66 Years","2022-07-05T00:00:00.000"
"464","465","Virginia","81 Years","2020-05-27T00:00:00.000"
"465","466","California","40 Years","2022-04-04T00:00:00.000"
"466","467","pennsylvania","21 Years","2019-04-17T00:00:00.000"
"467","468","california","50 Years","2020-07-09T00:00:00.000"
"468","469","Vermont","73 Years","2020-04-27T00:00:00.000"
"469","470","oregon","75 Years","2021-07-30T00:00:00.000"
"470","471","California","38 Years","2020-10-08T00:00:00.000"
"471","472","Michigan","27 Years","2020-06-09T00:00:00.000"
"472","473","texas","68 Years","2019-03-22T00:00:00.000"
"473","474","illinois","86 Years","2021-03-03T00:00:00.000"
"474","475","Washington","83 Years","2021-01-26T00:00:00.000"
"475","476","new hampshire","75 Years","2021-02-21T00:00:00.000"
"476","477","wyoming","35 Years","2021-04-20T00:00:00.000"
"477","478","Georgia","72 Years","2023-02-19T00:00:00.000"
"478","479","TENNESSEE","59 Years","2021-02-23T00:00:00.000"
"479","480","massachusetts","22 Years","2019-03-15T00:00:00.000"
"480","481","alabama","26 Years","2019-05-31T00:00:00.000"
"481","482","virginia","34 Years","2021-03-14T00:00:00.000"
"482","483","NEVADA","32 Years","2022-09-26T00:00:00.000"
"483","484","michigan","37 Years","2018-08-29T00:00:00.000"
"484","485","GEORGIA","21 Years","2020-01-24T00:00:00.000"
"485","486","California","60 Years","2021-01-17T00:00:00.000"
"486","487","New Jersey","40 Years","2021-02-13T00:00:00.000"
"487","488","CONNECTICUT","56 Years","2020-06-30T00:00:00.000"
"488","489","Georgia","55 Years","2022-02-21T00:00:00.000"
"489","490","Montana","18 Years","2021-05-08T00:00:00.000"
"490","491","texas","84 Years","2020-06-20T00:00:00.000"
"491","492","california","39 Years","2021-10-04T00:00:00.000"
"492","493","california","80 Years","2020-04-21T00:00:00.000"
"493","494","Kentucky","84 Years","2021-08-15T00:00:00.000"
"494","495","illinois","74 Years","2019-10-05T00:00:00.000"
"495","496","California","64 Years","2018-11-13T00:00:00.000"
"496","497","KANSAS","54 Years","2020-05-05T00:00:00.000"
"497","498","Texas","71 Years","2020-03-31T00:00:00.000"
"498","499","GEORGIA","71 Years","2021-04-26T00:00:00.000"
"499","500","WASHINGTON","47 Years","2019-05-21T00:00:00.000"
"500","501","texas","87 Years","2022-07-06T00:00:00.000"
"501","502","Minnesota","84 Years","2020-08-30T00:00:00.000"
"502","503","Pennsylvania","41 Years","2019-11-12T00:00:00.000"
"503","504","North Carolina","47 Years","2020-02-11T00:00:00.000"
"504","505","new jersey","63 Years","2021-06-02T00:00:00.000"
"505","506","texas","89 Years","2021-04-08T00:00:00.000"
"506","507","New York","68 Years","2020-11-05T00:00:00.000"
"507","508","florida","44 Years","2020-06-19T00:00:00.000"
"508","509","Oregon","60 Years","2019-09-25T00:00:00.000"
"509","510","new york","85 Years","2021-11-21T00:00:00.000"
"510","511","UTAH","27 Years","2021-06-05T00:00:00.000"
"511","512","new york","45 Years","2022-06-09T00:00:00.000"
"512","513","georgia","59 Years","2020-03-10T00:00:00.000"
"513","514","utah","37 Years","2021-09-15T00:00:00.000"
"514","515","California","84 Years","2021-04-16T00:00:00.000"
"515","516","WASHINGTON","75 Years","2021-04-25T00:00:00.000"
"516","517","California","52 Years","2022-09-05T00:00:00.000"
"517","518","Kansas","85 Years","2021-04-22T00:00:00.000"
"518","519","MISSOURI","88 Years","2019-08-06T00:00:00.000"
"519","520","tennessee","18 Years","2022-03-22T00:00:00.000"
"520","521","minnesota","43 Years","2020-07-11T00:00:00.000"
"521","522","Indiana","50 Years","2022-03-13T00:00:00.000"
"522","523","South Carolina","53 Years","2019-08-20T00:00:00.000"
"523","524","California","37 Years","2020-12-16T00:00:00.000"
"524","525","california","19 Years","2018-12-01T00:00:00.000"
"525","526","Washington","44 Years","2020-05-01T00:00:00.000"
"526","527","California","79 Years","2023-01-05T00:00:00.000"
"527","528","New Jersey","48 Years","2020-10-02T00:00:00.000"
"528","529","Connecticut","76 Years","2018-04-18T00:00:00.000"
"529","530","Tennessee","23 Years","2022-02-07T00:00:00.000"
"530","531","florida","60 Years","2021-08-10T00:00:00.000"
"531","532","new jersey","73 Years","2021-07-09T00:00:00.000"
"532","533","Tennessee","52 Years","2018-11-05T00:00:00.000"
"533","534","Illinois","75 Years","2022-10-03T00:00:00.000"
"534","535","california","52 Years","2020-12-12T00:00:00.000"
"535","536","Alaska","60 Years","2021-08-12T00:00:00.000"
"536","537","virginia","44 Years","2021-01-17T00:00:00.000"
"537","538","california","69 Years","2019-11-28T00:00:00.000"
"538","539","west virginia","68 Years","2018-09-09T00:00:00.000"
"539","540","FLORIDA","78 Years","2020-02-28T00:00:00.000"
"540","541","CALIFORNIA","84 Years","2019-05-21T00:00:00.000"
"541","542","Kansas","26 Years","2020-06-10T00:00:00.000"
"542","543","Texas","51 Years","2019-09-02T00:00:00.000"
"543","544","california","20 Years","2021-09-18T00:00:00.000"
"544","545","Pennsylvania","71 Years","2020-09-27T00:00:00.000"
"545","546","South Carolina","66 Years","2021-06-19T00:00:00.000"
"546","547","Kansas","42 Years","2018-10-18T00:00:00.000"
"547","548","Indiana","42 Years","2019-01-16T00:00:00.000"
"548","549","NORTH CAROLINA","35 Years","2020-06-09T00:00:00.000"
"549","550","California","34 Years","2021-05-02T00:00:00.000"
"550","551","california","88 Years","2022-03-09T00:00:00.000"
"551","552","maryland","45 Years","2022-02-14T00:00:00.000"
"552","553","New York","51 Years","2020-10-09T00:00:00.000"
"553","554","California","83 Years","2019-08-12T00:00:00.000"
"554","555","illinois","87 Years","2021-10-07T00:00:00.000"
"555","556","california","86 Years","2020-06-13T00:00:00.000"
"556","557","florida","59 Years","2021-12-20T00:00:00.000"
"557","558","arizona","89 Years","2021-04-13T00:00:00.000"
"558","559","Tennessee","62 Years","2020-10-23T00:00:00.000"
"559","560","new jersey","41 Years","2020-06-19T00:00:00.000"
"560","561","texas","55 Years","2018-09-11T00:00:00.000"
"561","562","California","70 Years","2022-06-18T00:00:00.000"
"562","563","minnesota","53 Years","2018-05-16T00:00:00.000"
"563","564","california","69 Years","2019-05-23T00:00:00.000"
"564","565","Arizona","28 Years","2019-02-19T00:00:00.000"
"565","566","florida","83 Years","2022-08-31T00:00:00.000"
"566","567","California","83 Years","2019-07-02T00:00:00.000"
"567","568","TENNESSEE","20 Years","2019-04-13T00:00:00.000"
"568","569","ohio","39 Years","2019-08-31T00:00:00.000"
"569","570","Nevada","81 Years","2022-09-26T00:00:00.000"
"570","571","texas","82 Years","2019-07-28T00:00:00.000"
"571","572","maine","37 Years","2022-04-06T00:00:00.000"
"572","573","maryland","21 Years","2019-01-17T00:00:00.000"
"573","574","kentucky","52 Years","2020-03-11T00:00:00.000"
"574","575","pennsylvania","87 Years","2021-10-03T00:00:00.000"
"575","576","NEW JERSEY","57 Years","2021-09-27T00:00:00.000"
"576","577","NEW YORK","46 Years","2019-08-03T00:00:00.000"
"577","578","NEW YORK","48 Years","2020-07-16T00:00:00.000"
"578","579","Michigan","35 Years","2020-07-29T00:00:00.000"
"579","580","Michigan","89 Years","2018-10-30T00:00:00.000"
"580","581","Florida","23 Years","2021-04-17T00:00:00.000"
"581","582","Connecticut","43 Years","2020-03-11T00:00:00.000"
"582","583","pennsylvania","21 Years","2018-10-31T00:00:00.000"
"583","584","Iowa","86 Years","2018-08-03T00:00:00.000"
"584","585","ohio","47 Years","2020-08-14T00:00:00.000"
"585","586","ARKANSAS","85 Years","2019-08-19T00:00:00.000"
"586","587","VIRGINIA","28 Years","2018-08-23T00:00:00.000"
"587","588","California","18 Years","2020-04-16T00:00:00.000"
"588","589","florida","25 Years","2019-09-06T00:00:00.000"
"589","590","California","57 Years","2021-10-02T00:00:00.000"
"590","591","North Carolina","77 Years","2020-06-07T00:00:00.000"
"591","592","California","30 Years","2020-07-18T00:00:00.000"
"592","593","Indiana","81 Years","2020-08-31T00:00:00.000"
"593","594","texas","35 Years","2020-11-13T00:00:00.000"
"594","595","California","60 Years","2020-04-23T00:00:00.000"
"595","596","ILLINOIS","69 Years","2020-08-25T00:00:00.000"
"596","597","NORTH CAROLINA","77 Years","2019-07-27T00:00:00.000"
"597","598","NEW YORK","41 Years","2021-10-17T00:00:00.000"
"598","599","maryland","37 Years","2018-10-07T00:00:00.000"
"599","600","OHIO","79 Years","2018-04-25T00:00:00.000"
"600","601","MARYLAND","33 Years","2020-11-26T00:00:00.000"
"601","602","colorado","32 Years","2021-02-26T00:00:00.000"
"602","603","New York","39 Years","2020-09-21T00:00:00.000"
"603","604","Arizona","48 Years","2020-02-17T00:00:00.000"
"604","605","Pennsylvania","57 Years","2019-01-09T00:00:00.000"
"605","606","colorado","49 Years","2019-11-06T00:00:00.000"
"606","607","georgia","69 Years","2018-11-07T00:00:00.000"
"607","608","Texas","60 Years","2019-08-13T00:00:00.000"
"608","609","new jersey","24 Years","2019-07-14T00:00:00.000"
"609","610","Pennsylvania","34 Years","2021-02-27T00:00:00.000"
"610","611","Kansas","73 Years","2020-03-02T00:00:00.000"
"611","612","Massachusetts","59 Years","2020-12-19T00:00:00.000"
"612","613","VIRGINIA","83 Years","2021-02-26T00:00:00.000"
"613","614","Arizona","85 Years","2022-12-28T00:00:00.000"
"614","615","FLORIDA","84 Years","2022-04-28T00:00:00.000"
"615","616","maine","33 Years","2021-02-14T00:00:00.000"
"616","617","New York","28 Years","2019-11-15T00:00:00.000"
"617","618","WASHINGTON","84 Years","2022-05-31T00:00:00.000"
"618","619","Texas","81 Years","2022-07-10T00:00:00.000"
"619","620","New Jersey","74 Years","2020-05-03T00:00:00.000"
"620","621","pennsylvania","33 Years","2022-07-05T00:00:00.000"
"621","622","New Jersey","23 Years","2020-10-15T00:00:00.000"
"622","623","Mississippi","47 Years","2020-08-25T00:00:00.000"
"623","624","california","79 Years","2021-05-19T00:00:00.000"
"624","625","tennessee","32 Years","2018-10-18T00:00:00.000"
"625","626","ARIZONA","38 Years","2020-05-02T00:00:00.000"
"626","627","New Mexico","89 Years","2018-07-28T00:00:00.000"
"627","628","NEW HAMPSHIRE","43 Years","2020-02-02T00:00:00.000"
"628","629","washington","19 Years","2020-06-12T00:00:00.000"
"629","630","NORTH CAROLINA","20 Years","2020-09-13T00:00:00.000"
"630","631","new jersey","65 Years","2021-10-23T00:00:00.000"
"631","632","illinois","66 Years","2020-08-13T00:00:00.000"
"632","633","CALIFORNIA","83 Years","2021-05-27T00:00:00.000"
"633","634","ALABAMA","54 Years","2019-12-16T00:00:00.000"
"634","635","ARKANSAS","23 Years","2020-01-09T00:00:00.000"
"635","636","SOUTH CAROLINA","78 Years","2022-06-20T00:00:00.000"
"636","637","north carolina","21 Years","2018-10-23T00:00:00.000"
"637","638","Alabama","31 Years","2020-04-11T00:00:00.000"
"638","639","TEXAS","59 Years","2021-01-07T00:00:00.000"
"639","640","Ohio","68 Years","2021-07-31T00:00:00.000"
"640","641","new york","18 Years","2020-09-20T00:00:00.000"
"641","642","Louisiana","47 Years","2021-07-01T00:00:00.000"
"642","643","texas","78 Years","2019-05-14T00:00:00.000"
"643","644","kansas","60 Years","2020-06-10T00:00:00.000"
"644","645","New York","62 Years","2021-06-13T00:00:00.000"
"645","646","Indiana","21 Years","2018-07-03T00:00:00.000"
"646","647","kansas","62 Years","2018-10-09T00:00:00.000"
"647","648","nevada","20 Years","2018-07-09T00:00:00.000"
"648","649","GEORGIA","49 Years","2023-01-31T00:00:00.000"
"649","650","California","23 Years","2021-04-15T00:00:00.000"
"650","651","texas","83 Years","2018-08-31T00:00:00.000"
"651","652","CALIFORNIA","80 Years","2020-01-27T00:00:00.000"
"652","653","OHIO","88 Years","2022-08-30T00:00:00.000"
"653","654","iowa","79 Years","2021-10-24T00:00:00.000"
"654","655","pennsylvania","36 Years","2019-12-05T00:00:00.000"
"655","656","new york","20 Years","2020-02-13T00:00:00.000"
"656","657","Illinois","62 Years","2018-06-01T00:00:00.000"
"657","658","TENNESSEE","24 Years","2022-09-18T00:00:00.000"
"658","659","Minnesota","38 Years","2020-04-29T00:00:00.000"
"659","660","Kentucky","87 Years","2023-01-10T00:00:00.000"
"660","661","ohio","65 Years","2018-07-25T00:00:00.000"
"661","662","Tennessee","75 Years","2020-06-19T00:00:00.000"
"662","663","Michigan","71 Years","2020-02-21T00:00:00.000"
"663","664","OHIO","82 Years","2021-08-25T00:00:00.000"
"664","665","Texas","26 Years","2021-02-27T00:00:00.000"
"665","666","Florida","42 Years","2020-12-05T00:00:00.000"
"666","667","New York","25 Years","2021-07-24T00:00:00.000"
"667","668","california","38 Years","2018-06-11T00:00:00.000"
"668","669","illinois","61 Years","2018-07-06T00:00:00.000"
"669","670","missouri","42 Years","2020-05-20T00:00:00.000"
"670","671","FLORIDA","60 Years","2021-12-31T00:00:00.000"
"671","672","NEW YORK","30 Years","2020-12-08T00:00:00.000"
"672","673","California","55 Years","2019-08-22T00:00:00.000"
"673","674","new york","78 Years","2020-10-22T00:00:00.000"
"674","675","Virginia","84 Years","2020-08-28T00:00:00.000"
"675","676","Indiana","19 Years","2020-02-11T00:00:00.000"
"676","677","Illinois","75 Years","2022-04-20T00:00:00.000"
"677","678","texas","73 Years","2021-10-22T00:00:00.000"
"678","679","Virginia","24 Years","2020-02-07T00:00:00.000"
"679","680","INDIANA","19 Years","2019-02-28T00:00:00.000"
"680","681","kentucky","41 Years","2022-04-20T00:00:00.000"
"681","682","Texas","89 Years","2019-04-18T00:00:00.000"
"682","683","new york","79 Years","2022-02-23T00:00:00.000"
"683","684","new york","30 Years","2020-08-23T00:00:00.000"
"684","685","tennessee","61 Years","2020-12-25T00:00:00.000"
"685","686","new mexico","61 Years","2020-08-01T00:00:00.000"
"686","687","MISSISSIPPI","85 Years","2022-05-02T00:00:00.000"
"687","688","TEXAS","61 Years","2021-05-06T00:00:00.000"
"688","689","West Virginia","82 Years","2020-07-13T00:00:00.000"
"689","690","South Carolina","20 Years","2022-09-13T00:00:00.000"
"690","691","West Virginia","26 Years","2021-02-19T00:00:00.000"
"691","692","arizona","58 Years","2021-08-20T00:00:00.000"
"692","693","texas","80 Years","2019-03-15T00:00:00.000"
"693","694","North Dakota","50 Years","2023-01-11T00:00:00.000"
"694","695","Pennsylvania","74 Years","2020-09-16T00:00:00.000"
"695","696","Texas","56 Years","2020-10-04T00:00:00.000"
"696","697","Florida","55 Years","2021-10-21T00:00:00.000"
"697","698","PENNSYLVANIA","87 Years","2020-09-18T00:00:00.000"
"698","699","Nevada","65 Years","2021-01-17T00:00:00.000"
"699","700","GEORGIA","30 Years","2019-03-06T00:00:00.000"
"700","701","pennsylvania","67 Years","2020-02-20T00:00:00.000"
"701","702","Missouri","64 Years","2018-04-24T00:00:00.000"
"702","703","Indiana","35 Years","2019-06-17T00:00:00.000"
"703","704","maryland","43 Years","2020-09-29T00:00:00.000"
"704","705","TEXAS","20 Years","2020-11-07T00:00:00.000"
"705","706","CALIFORNIA","58 Years","2021-03-18T00:00:00.000"
"706","707","MICHIGAN","59 Years","2018-07-02T00:00:00.000"
"707","708","Arizona","19 Years","2020-01-01T00:00:00.000"
"708","709","north carolina","34 Years","2019-06-24T00:00:00.000"
"709","710","California","25 Years","2019-07-19T00:00:00.000"
"710","711","Texas","29 Years","2020-11-19T00:00:00.000"
"711","712","New Jersey","38 Years","2019-02-27T00:00:00.000"
"712","713","california","26 Years","2021-07-24T00:00:00.000"
"713","714","New York","62 Years","2019-03-21T00:00:00.000"
"714","715","Kentucky","76 Years","2021-04-14T00:00:00.000"
"715","716","Ohio","38 Years","2021-03-06T00:00:00.000"
"716","717","ILLINOIS","52 Years","2020-05-15T00:00:00.000"
"717","718","MISSOURI","26 Years","2021-04-05T00:00:00.000"
"718","719","ALABAMA","23 Years","2021-10-02T00:00:00.000"
"719","720","Ohio","60 Years","2020-06-06T00:00:00.000"
"720","721","new york","72 Years","2018-10-04T00:00:00.000"
"721","722","VIRGINIA","49 Years","2019-06-27T00:00:00.000"
"722","723","colorado","18 Years","2018-12-06T00:00:00.000"
"723","724","new york","73 Years","2019-08-27T00:00:00.000"
"724","725","New Mexico","25 Years","2019-10-26T00:00:00.000"
"725","726","CALIFORNIA","61 Years","2018-08-26T00:00:00.000"
"726","727","California","51 Years","2020-11-14T00:00:00.000"
"727","728","kentucky","60 Years","2021-03-08T00:00:00.000"
"728","729","Arizona","79 Years","2020-03-09T00:00:00.000"
"729","730","Virginia","84 Years","2018-04-17T00:00:00.000"
"730","731","CALIFORNIA","73 Years","2020-05-12T00:00:00.000"
"731","732","virginia","78 Years","2021-01-27T00:00:00.000"
"732","733","Wisconsin","51 Years","2018-07-01T00:00:00.000"
"733","734","New York","75 Years","2021-01-19T00:00:00.000"
"734","735","California","28 Years","2019-01-25T00:00:00.000"
"735","736","Arkansas","34 Years","2020-10-10T00:00:00.000"
"736","737","south dakota","62 Years","2020-06-17T00:00:00.000"
"737","738","texas","63 Years","2021-02-16T00:00:00.000"
"738","739","Washington","79 Years","2020-07-12T00:00:00.000"
"739","740","new york","63 Years","2022-01-01T00:00:00.000"
"740","741","OKLAHOMA","52 Years","2021-08-14T00:00:00.000"
"741","742","Texas","43 Years","2019-05-25T00:00:00.000"
"742","743","oklahoma","39 Years","2020-07-06T00:00:00.000"
"743","744","Illinois","69 Years","2022-06-20T00:00:00.000"
"744","745","michigan","64 Years","2022-06-23T00:00:00.000"
"745","746","California","33 Years","2021-08-02T00:00:00.000"
"746","747","minnesota","39 Years","2020-01-08T00:00:00.000"
"747","748","LOUISIANA","83 Years","2018-12-30T00:00:00.000"
"748","749","new york","52 Years","2021-08-21T00:00:00.000"
"749","750","Ohio","27 Years","2018-10-18T00:00:00.000"
"750","751","texas","88 Years","2019-09-25T00:00:00.000"
"751","752","Arizona","28 Years","2021-12-11T00:00:00.000"
"752","753","NORTH CAROLINA","76 Years","2019-05-09T00:00:00.000"
"753","754","Ohio","72 Years","2019-03-20T00:00:00.000"
"754","755","NORTH CAROLINA","73 Years","2021-01-25T00:00:00.000"
"755","756","kansas","86 Years","2020-02-05T00:00:00.000"
"756","757","New Jersey","85 Years","2018-06-04T00:00:00.000"
"757","758","Iowa","56 Years","2020-10-17T00:00:00.000"
"758","759","LOUISIANA","64 Years","2022-05-23T00:00:00.000"
"759","760","Arkansas","66 Years","2021-10-20T00:00:00.000"
"760","761","colorado","49 Years","2020-05-16T00:00:00.000"
"761","762","new york","48 Years","2022-01-24T00:00:00.000"
"762","763","indiana","74 Years","2020-03-24T00:00:00.000"
"763","764","mississippi","60 Years","2019-04-26T00:00:00.000"
"764","765","LOUISIANA","59 Years","2019-08-26T00:00:00.000"
"765","766","california","86 Years","2021-07-16T00:00:00.000"
"766","767","California","40 Years","2020-06-16T00:00:00.000"
"767","768","Oregon","21 Years","2021-03-01T00:00:00.000"
"768","769","nevada","19 Years","2020-04-28T00:00:00.000"
"769","770","Florida","86 Years","2022-05-04T00:00:00.000"
"770","771","California","68 Years","2020-10-27T00:00:00.000"
"771","772","New Jersey","40 Years","2021-05-04T00:00:00.000"
"772","773","kentucky","52 Years","2020-12-17T00:00:00.000"
"773","774","Minnesota","34 Years","2020-11-10T00:00:00.000"
"774","775","Michigan","27 Years","2022-08-04T00:00:00.000"
"775","776","virginia","42 Years","2020-07-31T00:00:00.000"
"776","777","MONTANA","50 Years","2019-08-06T00:00:00.000"
"777","778","tennessee","25 Years","2021-08-17T00:00:00.000"
"778","779","west virginia","31 Years","2020-01-24T00:00:00.000"
"779","780","California","76 Years","2022-11-18T00:00:00.000"
"780","781","NEW MEXICO","76 Years","2019-01-20T00:00:00.000"
"781","782","Tennessee","58 Years","2020-04-25T00:00:00.000"
"782","783","massachusetts","56 Years","2021-07-23T00:00:00.000"
"783","784","Alabama","70 Years","2022-08-03T00:00:00.000"
"784","785","CALIFORNIA","79 Years","2019-11-28T00:00:00.000"
"785","786","California","22 Years","2019-08-22T00:00:00.000"
"786","787","virginia","36 Years","2020-08-05T00:00:00.000"
"787","788","CALIFORNIA","87 Years","2021-01-07T00:00:00.000"
"788","789","California","82 Years","2018-04-18T00:00:00.000"
"789","790","west virginia","54 Years","2019-11-09T00:00:00.000"
"790","791","TEXAS","22 Years","2018-07-10T00:00:00.000"
"791","792","Texas","86 Years","2020-11-23T00:00:00.000"
"792","793","California","69 Years","2020-05-21T00:00:00.000"
"793","794","VIRGINIA","61 Years","2019-10-27T00:00:00.000"
"794","795","WASHINGTON","29 Years","2020-08-26T00:00:00.000"
"795","796","CALIFORNIA","40 Years","2019-11-01T00:00:00.000"
"796","797","maryland","85 Years","2018-06-11T00:00:00.000"
"797","798","TEXAS","68 Years","2019-05-09T00:00:00.000"
"798","799","north carolina","34 Years","2019-03-04T00:00:00.000"
"799","800","Florida","83 Years","2019-05-02T00:00:00.000"
"800","801","michigan","59 Years","2022-12-13T00:00:00.000"
"801","802","texas","26 Years","2020-08-07T00:00:00.000"
"802","803","Massachusetts","18 Years","2021-09-11T00:00:00.000"
"803","804","texas","68 Years","2020-06-30T00:00:00.000"
"804","805","california","31 Years","2020-12-06T00:00:00.000"
"805","806","Pennsylvania","86 Years","2018-06-17T00:00:00.000"
"806","807","california","77 Years","2018-11-25T00:00:00.000"
"807","808","california","52 Years","2020-11-26T00:00:00.000"
"808","809","new york","69 Years","2021-07-21T00:00:00.000"
"809","810","illinois","49 Years","2021-07-10T00:00:00.000"
"810","811","Arizona","61 Years","2020-05-16T00:00:00.000"
"811","812","CALIFORNIA","43 Years","2020-07-07T00:00:00.000"
"812","813","COLORADO","25 Years","2020-02-11T00:00:00.000"
"813","814","Nevada","29 Years","2021-02-07T00:00:00.000"
"814","815","Tennessee","65 Years","2021-10-17T00:00:00.000"
"815","816","NEVADA","29 Years","2020-05-26T00:00:00.000"
"816","817","missouri","70 Years","2019-10-08T00:00:00.000"
"817","818","West Virginia","36 Years","2018-05-27T00:00:00.000"
"818","819","ILLINOIS","59 Years","2021-03-06T00:00:00.000"
"819","820","Arizona","82 Years","2021-09-26T00:00:00.000"
"820","821","ohio","28 Years","2018-11-05T00:00:00.000"
"821","822","TEXAS","37 Years","2021-01-18T00:00:00.000"
"822","823","Illinois","27 Years","2021-02-24T00:00:00.000"
"823","824","NEW YORK","42 Years","2020-07-28T00:00:00.000"
"824","825","KENTUCKY","66 Years","2019-10-18T00:00:00.000"
"825","826","north carolina","29 Years","2018-04-29T00:00:00.000"
"826","827","Louisiana","25 Years","2019-09-05T00:00:00.000"
"827","828","Arkansas","37 Years","2019-03-16T00:00:00.000"
"828","829","FLORIDA","24 Years","2020-08-10T00:00:00.000"
"829","830","MARYLAND","75 Years","2020-02-16T00:00:00.000"
"830","831","Indiana","32 Years","2020-01-24T00:00:00.000"
"831","832","MASSACHUSETTS","57 Years","2018-10-27T00:00:00.000"
"832","833","NEW YORK","83 Years","2022-09-15T00:00:00.000"
"833","834","pennsylvania","27 Years","2021-09-02T00:00:00.000"
"834","835","Kentucky","63 Years","2019-11-17T00:00:00.000"
"835","836","california","46 Years","2022-08-19T00:00:00.000"
"836","837","pennsylvania","78 Years","2020-11-26T00:00:00.000"
"837","838","Maryland","55 Years","2018-12-03T00:00:00.000"
"838","839","iowa","24 Years","2021-04-15T00:00:00.000"
"839","840","georgia","27 Years","2020-05-20T00:00:00.000"
"840","841","Florida","78 Years","2019-09-25T00:00:00.000"
"841","842","California","48 Years","2022-03-09T00:00:00.000"
"842","843","OKLAHOMA","48 Years","2021-10-02T00:00:00.000"
"843","844","illinois","82 Years","2020-09-27T00:00:00.000"
"844","845","Louisiana","85 Years","2022-08-15T00:00:00.000"
"845","846","New York","72 Years","2021-01-15T00:00:00.000"
"846","847","OHIO","47 Years","2018-11-04T00:00:00.000"
"847","848","Massachusetts","33 Years","2018-09-22T00:00:00.000"
"848","849","Illinois","66 Years","2020-01-19T00:00:00.000"
"849","850","New York","37 Years","2018-04-27T00:00:00.000"
"850","851","CALIFORNIA","24 Years","2021-01-18T00:00:00.000"
"851","852","CALIFORNIA","82 Years","2019-02-04T00:00:00.000"
"852","853","ohio","48 Years","2023-01-15T00:00:00.000"
"853","854","oklahoma","26 Years","2018-11-09T00:00:00.000"
"854","855","MICHIGAN","72 Years","2020-07-28T00:00:00.000"
"855","856","Louisiana","33 Years","2020-06-17T00:00:00.000"
"856","857","Maryland","87 Years","2022-09-05T00:00:00.000"
"857","858","south carolina","34 Years","2021-03-15T00:00:00.000"
"858","859","texas","36 Years","2019-11-07T00:00:00.000"
"859","860","minnesota","84 Years","2022-02-14T00:00:00.000"
"860","861","ILLINOIS","59 Years","2018-05-12T00:00:00.000"
"861","862","Tennessee","39 Years","2021-03-11T00:00:00.000"
"862","863","NEW YORK","28 Years","2019-11-25T00:00:00.000"
"863","864","ALABAMA","52 Years","2020-11-03T00:00:00.000"
"864","865","NORTH CAROLINA","18 Years","2022-01-07T00:00:00.000"
"865","866","new york","64 Years","2018-08-12T00:00:00.000"
"866","867","minnesota","39 Years","2022-08-19T00:00:00.000"
"867","868","TEXAS","69 Years","2020-04-16T00:00:00.000"
"868","869","Washington","22 Years","2019-01-17T00:00:00.000"
"869","870","NEW JERSEY","88 Years","2019-04-22T00:00:00.000"
"870","871","RHODE ISLAND","52 Years","2018-12-19T00:00:00.000"
"871","872","Alabama","44 Years","2021-11-20T00:00:00.000"
"872","873","New York","86 Years","2022-01-26T00:00:00.000"
"873","874","Kansas","20 Years","2019-08-03T00:00:00.000"
"874","875","SOUTH CAROLINA","68 Years","2018-07-15T00:00:00.000"
"875","876","california","19 Years","2020-07-08T00:00:00.000"
"876","877","Maryland","79 Years","2022-12-09T00:00:00.000"
"877","878","new york","25 Years","2018-05-08T00:00:00.000"
"878","879","arkansas","82 Years","2022-02-16T00:00:00.000"
"879","880","florida","62 Years","2019-08-12T00:00:00.000"
"880","881","CALIFORNIA","55 Years","2021-07-14T00:00:00.000"
"881","882","new york","24 Years","2022-06-25T00:00:00.000"
"882","883","Virginia","52 Years","2019-02-02T00:00:00.000"
"883","884","KENTUCKY","58 Years","2018-10-28T00:00:00.000"
"884","885","florida","52 Years","2018-05-17T00:00:00.000"
"885","886","Washington","84 Years","2018-12-06T00:00:00.000"
"886","887","Texas","37 Years","2020-02-02T00:00:00.000"
"887","888","Pennsylvania","37 Years","2020-12-31T00:00:00.000"
"888","889","North Carolina","83 Years","2020-04-20T00:00:00.000"
"889","890","Illinois","18 Years","2021-08-28T00:00:00.000"
"890","891","tennessee","40 Years","2020-10-21T00:00:00.000"
"891","892","California","58 Years","2018-11-12T00:00:00.000"
"892","893","Florida","18 Years","2018-08-19T00:00:00.000"
"893","894","florida","50 Years","2022-09-11T00:00:00.000"
"894","895","texas","65 Years","2021-10-11T00:00:00.000"
"895","896","tennessee","84 Years","2018-06-25T00:00:00.000"
"896","897","Texas","37 Years","2021-08-12T00:00:00.000"
"897","898","Pennsylvania","63 Years","2020-04-02T00:00:00.000"
"898","899","massachusetts","50 Years","2020-09-19T00:00:00.000"
"899","900","Michigan","86 Years","2020-01-24T00:00:00.000"
"900","901","illinois","25 Years","2021-11-12T00:00:00.000"
"901","902","indiana","74 Years","2020-07-21T00:00:00.000"
"902","903","NEW JERSEY","32 Years","2021-05-20T00:00:00.000"
"903","904","CALIFORNIA","88 Years","2020-02-05T00:00:00.000"
"904","905","texas","70 Years","2019-10-02T00:00:00.000"
"905","906","Massachusetts","39 Years","2020-10-20T00:00:00.000"
"906","907","NEVADA","77 Years","2020-09-05T00:00:00.000"
"907","908","new york","57 Years","2021-12-09T00:00:00.000"
"908","909","Pennsylvania","78 Years","2018-07-13T00:00:00.000"
"909","910","new hampshire","45 Years","2021-11-05T00:00:00.000"
"910","911","missouri","31 Years","2019-12-04T00:00:00.000"
"911","912","new jersey","64 Years","2019-02-07T00:00:00.000"
"912","913","KANSAS","52 Years","2019-06-02T00:00:00.000"
"913","914","FLORIDA","89 Years","2020-05-31T00:00:00.000"
"914","915","ILLINOIS","30 Years","2018-07-09T00:00:00.000"
"915","916","Nebraska","56 Years","2022-07-11T00:00:00.000"
"916","917","MASSACHUSETTS","25 Years","2020-05-06T00:00:00.000"
"917","918","pennsylvania","37 Years","2021-04-07T00:00:00.000"
"918","919","virginia","25 Years","2020-04-04T00:00:00.000"
"919","920","Alabama","47 Years","2020-01-29T00:00:00.000"
"920","921","ohio","37 Years","2022-01-10T00:00:00.000"
"921","922","Indiana","23 Years","2019-01-16T00:00:00.000"
"922","923","TEXAS","34 Years","2020-05-13T00:00:00.000"
"923","924","OKLAHOMA","26 Years","2021-05-15T00:00:00.000"
"924","925","texas","42 Years","2020-11-03T00:00:00.000"
"925","926","Tennessee","75 Years","2020-12-03T00:00:00.000"
"926","927","MICHIGAN","79 Years","2021-04-16T00:00:00.000"
"927","928","NEW JERSEY","50 Years","2020-04-23T00:00:00.000"
"928","929","Massachusetts","18 Years","2021-07-18T00:00:00.000"
"929","930","new york","84 Years","2019-03-08T00:00:00.000"
"930","931","Oklahoma","19 Years","2021-01-05T00:00:00.000"
"931","932","Indiana","47 Years","2020-08-06T00:00:00.000"
"932","933","Pennsylvania","20 Years","2021-01-12T00:00:00.000"
"933","934","wisconsin","48 Years","2018-10-15T00:00:00.000"
"934","935","Minnesota","62 Years","2020-04-08T00:00:00.000"
"935","936","texas","38 Years","2020-04-08T00:00:00.000"
"936","937","ohio","80 Years","2020-05-30T00:00:00.000"
"937","938","virginia","83 Years","2021-07-05T00:00:00.000"
"938","939","Wisconsin","63 Years","2018-12-21T00:00:00.000"
"939","940","California","76 Years","2020-04-11T00:00:00.000"
"940","941","maryland","36 Years","2019-01-01T00:00:00.000"
"941","942","California","52 Years","2019-04-27T00:00:00.000"
"942","943","illinois","36 Years","2019-01-13T00:00:00.000"
"943","944","massachusetts","47 Years","2021-11-22T00:00:00.000"
"944","945","IOWA","80 Years","2020-10-16T00:00:00.000"
"945","946","NEW YORK","80 Years","2021-08-07T00:00:00.000"
"946","947","pennsylvania","73 Years","2022-06-25T00:00:00.000"
"947","948","florida","78 Years","2018-05-01T00:00:00.000"
"948","949","Louisiana","28 Years","2018-12-06T00:00:00.000"
"949","950","Washington","51 Years","2019-11-04T00:00:00.000"
"950","951","Oregon","25 Years","2019-02-02T00:00:00.000"
"951","952","Indiana","52 Years","2019-03-12T00:00:00.000"
"952","953","new mexico","77 Years","2020-07-14T00:00:00.000"
"953","954","california","63 Years","2020-08-06T00:00:00.000"
"954","955","OREGON","28 Years","2021-03-13T00:00:00.000"
"955","956","massachusetts","38 Years","2018-10-27T00:00:00.000"
"956","957","WASHINGTON","25 Years","2021-02-14T00:00:00.000"
"957","958","Ohio","63 Years","2020-11-19T00:00:00.000"
"958","959","South Carolina","82 Years","2018-04-25T00:00:00.000"
"959","960","new york","57 Years","2019-03-15T00:00:00.000"
"960","961","Michigan","74 Years","2018-07-04T00:00:00.000"
"961","962","Ohio","44 Years","2021-12-02T00:00:00.000"
"962","963","idaho","22 Years","2018-07-02T00:00:00.000"
"963","964","ILLINOIS","40 Years","2020-11-30T00:00:00.000"
"964","965","Washington","74 Years","2020-08-04T00:00:00.000"
"965","966","California","31 Years","2021-01-21T00:00:00.000"
"966","967","Kentucky","26 Years","2021-05-23T00:00:00.000"
"967","968","Idaho","26 Years","2021-07-06T00:00:00.000"
"968","969","Virginia","48 Years","2021-05-05T00:00:00.000"
"969","970","California","29 Years","2020-05-11T00:00:00.000"
"970","971","arizona","68 Years","2018-12-30T00:00:00.000"
"971","972","california","26 Years","2018-04-16T00:00:00.000"
"972","973","CALIFORNIA","81 Years","2021-02-11T00:00:00.000"
"973","974","OHIO","19 Years","2021-06-06T00:00:00.000"
"974","975","washington","25 Years","2021-07-03T00:00:00.000"
"975","976","NEW YORK","38 Years","2019-07-24T00:00:00.000"
"976","977","Nevada","38 Years","2021-02-04T00:00:00.000"
"977","978","Florida","19 Years","2022-08-02T00:00:00.000"
"978","979","New Jersey","18 Years","2018-11-14T00:00:00.000"
"979","980","CALIFORNIA","84 Years","2022-04-28T00:00:00.000"
"980","981","Florida","42 Years","2019-03-12T00:00:00.000"
"981","982","california","24 Years","2021-06-16T00:00:00.000"
"982","983","texas","88 Years","2021-05-06T00:00:00.000"
"983","984","TEXAS","34 Years","2019-08-19T00:00:00.000"
"984","985","Alabama","18 Years","2022-04-07T00:00:00.000"
"985","986","MASSACHUSETTS","42 Years","2019-08-01T00:00:00.000"
"986","987","montana","55 Years","2018-04-23T00:00:00.000"
"987","988","indiana","87 Years","2020-08-19T00:00:00.000"
"988","989","Washington","89 Years","2018-05-07T00:00:00.000"
"989","990","California","64 Years","2020-09-06T00:00:00.000"
"990","991","virginia","79 Years","2020-02-19T00:00:00.000"
"991","992","minnesota","43 Years","2018-05-08T00:00:00.000"
"992","993","new york","27 Years","2019-08-05T00:00:00.000"
"993","994","FLORIDA","78 Years","2018-06-02T00:00:00.000"
"994","995","NEW JERSEY","89 Years","2019-12-19T00:00:00.000"
"995","996","WISCONSIN","83 Years","2020-10-16T00:00:00.000"
"996","997","wisconsin","50 Years","2021-02-19T00:00:00.000"
"997","998","illinois","50 Years","2018-06-26T00:00:00.000"
"998","999","Alabama","66 Years","2020-01-11T00:00:00.000"
"999","1000","wisconsin","59 Years","2020-08-01T00:00:00.000"
"1000","1001","georgia","81 Years","2022-01-09T00:00:00.000"
"1001","1002","utah","30 Years","2021-09-04T00:00:00.000"
"1002","1003","CALIFORNIA","75 Years","2020-11-24T00:00:00.000"
"1003","1004","california","87 Years","2020-05-04T00:00:00.000"
"1004","1005","NORTH DAKOTA","87 Years","2019-04-22T00:00:00.000"
"1005","1006","Wisconsin","85 Years","2020-06-15T00:00:00.000"
"1006","1007","california","40 Years","2020-04-15T00:00:00.000"
"1007","1008","texas","87 Years","2022-10-29T00:00:00.000"
"1008","1009","texas","65 Years","2020-05-10T00:00:00.000"
"1009","1010","Louisiana","47 Years","2021-09-30T00:00:00.000"
"1010","1011","north carolina","32 Years","2020-09-23T00:00:00.000"
"1011","1012","tennessee","59 Years","2022-03-06T00:00:00.000"
"1012","1013","michigan","41 Years","2018-08-09T00:00:00.000"
"1013","1014","New York","87 Years","2020-11-28T00:00:00.000"
"1014","1015","wisconsin","52 Years","2019-10-10T00:00:00.000"
"1015","1016","kansas","56 Years","2021-03-24T00:00:00.000"
"1016","1017","florida","38 Years","2022-07-14T00:00:00.000"
"1017","1018","massachusetts","44 Years","2021-07-20T00:00:00.000"
"1018","1019","Massachusetts","80 Years","2021-01-12T00:00:00.000"
"1019","1020","Pennsylvania","41 Years","2020-10-26T00:00:00.000"
"1020","1021","Tennessee","43 Years","2019-09-29T00:00:00.000"
"1021","1022","Indiana","84 Years","2021-12-13T00:00:00.000"
"1022","1023","new york","49 Years","2022-03-31T00:00:00.000"
"1023","1024","florida","35 Years","2018-07-16T00:00:00.000"
"1024","1025","new york","42 Years","2020-06-10T00:00:00.000"
"1025","1026","oklahoma","24 Years","2020-02-09T00:00:00.000"
"1026","1027","NEW YORK","71 Years","2018-08-28T00:00:00.000"
"1027","1028","OHIO","24 Years","2019-02-14T00:00:00.000"
"1028","1029","illinois","40 Years","2018-09-30T00:00:00.000"
"1029","1030","georgia","51 Years","2019-04-25T00:00:00.000"
"1030","1031","Florida","22 Years","2020-06-30T00:00:00.000"
"1031","1032","Virginia","56 Years","2021-04-29T00:00:00.000"
"1032","1033","Arizona","47 Years","2019-07-30T00:00:00.000"
"1033","1034","new jersey","68 Years","2021-06-15T00:00:00.000"
"1034","1035","MICHIGAN","48 Years","2018-09-17T00:00:00.000"
"1035","1036","MASSACHUSETTS","63 Years","2020-11-01T00:00:00.000"
"1036","1037","Virginia","78 Years","2019-09-21T00:00:00.000"
"1037","1038","ALABAMA","85 Years","2022-02-27T00:00:00.000"
"1038","1039","ARKANSAS","51 Years","2020-03-01T00:00:00.000"
"1039","1040","idaho","42 Years","2018-11-17T00:00:00.000"
"1040","1041","MISSOURI","76 Years","2022-03-04T00:00:00.000"
"1041","1042","new hampshire","43 Years","2018-08-17T00:00:00.000"
"1042","1043","California","35 Years","2022-02-16T00:00:00.000"
"1043","1044","kentucky","73 Years","2021-05-08T00:00:00.000"
"1044","1045","NEW JERSEY","74 Years","2018-08-23T00:00:00.000"
"1045","1046","illinois","30 Years","2023-03-06T00:00:00.000"
"1046","1047","IOWA","67 Years","2019-04-30T00:00:00.000"
"1047","1048","oklahoma","59 Years","2018-12-20T00:00:00.000"
"1048","1049","louisiana","60 Years","2019-07-11T00:00:00.000"
"1049","1050","Kentucky","75 Years","2020-10-05T00:00:00.000"
"1050","1051","Ohio","55 Years","2021-12-13T00:00:00.000"
"1051","1052","utah","26 Years","2019-05-30T00:00:00.000"
"1052","1053","indiana","45 Years","2019-05-30T00:00:00.000"
"1053","1054","Oregon","60 Years","2018-09-16T00:00:00.000"
"1054","1055","georgia","62 Years","2021-04-17T00:00:00.000"
"1055","1056","louisiana","31 Years","2018-05-06T00:00:00.000"
"1056","1057","Michigan","44 Years","2020-06-23T00:00:00.000"
"1057","1058","GEORGIA","48 Years","2021-06-11T00:00:00.000"
"1058","1059","florida","79 Years","2021-05-23T00:00:00.000"
"1059","1060","ALABAMA","21 Years","2020-03-24T00:00:00.000"
"1060","1061","California","54 Years","2021-06-24T00:00:00.000"
"1061","1062","california","86 Years","2020-08-23T00:00:00.000"
"1062","1063","california","69 Years","2020-07-02T00:00:00.000"
"1063","1064","virginia","24 Years","2018-07-11T00:00:00.000"
"1064","1065","TEXAS","46 Years","2020-10-25T00:00:00.000"
"1065","1066","new york","27 Years","2020-05-18T00:00:00.000"
"1066","1067","colorado","67 Years","2021-09-10T00:00:00.000"
"1067","1068","IOWA","31 Years","2020-11-30T00:00:00.000"
"1068","1069","arizona","71 Years","2019-07-16T00:00:00.000"
"1069","1070","new jersey","85 Years","2019-09-10T00:00:00.000"
"1070","1071","Pennsylvania","82 Years","2019-05-01T00:00:00.000"
"1071","1072","Michigan","81 Years","2021-08-08T00:00:00.000"
"1072","1073","Texas","73 Years","2021-07-06T00:00:00.000"
"1073","1074","New York","61 Years","2021-12-13T00:00:00.000"
"1074","1075","Utah","69 Years","2021-01-01T00:00:00.000"
"1075","1076","Florida","42 Years","2020-12-05T00:00:00.000"
"1076","1077","pennsylvania","29 Years","2020-12-13T00:00:00.000"
"1077","1078","ARIZONA","78 Years","2020-11-07T00:00:00.000"
"1078","1079","kentucky","59 Years","2022-01-20T00:00:00.000"
"1079","1080","NEW YORK","84 Years","2018-10-27T00:00:00.000"
"1080","1081","PENNSYLVANIA","79 Years","2021-07-04T00:00:00.000"
"1081","1082","TENNESSEE","83 Years","2021-01-25T00:00:00.000"
"1082","1083","Wisconsin","63 Years","2020-07-29T00:00:00.000"
"1083","1084","Arizona","50 Years","2018-12-11T00:00:00.000"
"1084","1085","Idaho","70 Years","2021-11-24T00:00:00.000"
"1085","1086","ohio","57 Years","2020-12-09T00:00:00.000"
"1086","1087","California","45 Years","2019-11-28T00:00:00.000"
"1087","1088","california","40 Years","2022-03-16T00:00:00.000"
"1088","1089","ILLINOIS","54 Years","2020-11-04T00:00:00.000"
"1089","1090","Ohio","63 Years","2021-07-26T00:00:00.000"
"1090","1091","Maine","73 Years","2021-06-30T00:00:00.000"
"1091","1092","michigan","87 Years","2020-08-19T00:00:00.000"
"1092","1093","california","71 Years","2019-01-26T00:00:00.000"
"1093","1094","texas","59 Years","2021-01-10T00:00:00.000"
"1094","1095","NORTH CAROLINA","20 Years","2020-06-30T00:00:00.000"
"1095","1096","North Carolina","29 Years","2020-02-27T00:00:00.000"
"1096","1097","New York","41 Years","2022-02-05T00:00:00.000"
"1097","1098","Wisconsin","24 Years","2020-09-30T00:00:00.000"
"1098","1099","michigan","58 Years","2019-10-20T00:00:00.000"
"1099","1100","virginia","55 Years","2020-04-19T00:00:00.000"
"1100","1101","Oregon","71 Years","2021-12-12T00:00:00.000"
"1101","1102","Montana","32 Years","2019-05-02T00:00:00.000"
"1102","1103","kansas","87 Years","2019-08-01T00:00:00.000"
"1103","1104","texas","82 Years","2021-02-08T00:00:00.000"
"1104","1105","massachusetts","34 Years","2019-08-08T00:00:00.000"
"1105","1106","MICHIGAN","55 Years","2019-10-01T00:00:00.000"
"1106","1107","California","80 Years","2021-09-19T00:00:00.000"
"1107","1108","ohio","76 Years","2021-06-30T00:00:00.000"
"1108","1109","florida","74 Years","2018-08-22T00:00:00.000"
"1109","1110","Missouri","68 Years","2020-09-07T00:00:00.000"
"1110","1111","michigan","40 Years","2019-01-29T00:00:00.000"
"1111","1112","Texas","20 Years","2020-07-06T00:00:00.000"
"1112","1113","georgia","25 Years","2020-12-30T00:00:00.000"
"1113","1114","Arizona","51 Years","2018-11-01T00:00:00.000"
"1114","1115","FLORIDA","48 Years","2022-04-16T00:00:00.000"
"1115","1116","Maryland","21 Years","2020-11-20T00:00:00.000"
"1116","1117","Texas","21 Years","2022-03-25T00:00:00.000"
"1117","1118","Arizona","87 Years","2018-11-28T00:00:00.000"
"1118","1119","connecticut","36 Years","2021-12-18T00:00:00.000"
"1119","1120","georgia","36 Years","2020-07-14T00:00:00.000"
"1120","1121","ohio","21 Years","2020-01-18T00:00:00.000"
"1121","1122","CALIFORNIA","18 Years","2020-04-13T00:00:00.000"
"1122","1123","WASHINGTON","47 Years","2020-09-25T00:00:00.000"
"1123","1124","Florida","82 Years","2020-12-04T00:00:00.000"
"1124","1125","California","32 Years","2019-04-14T00:00:00.000"
"1125","1126","Washington","65 Years","2018-07-17T00:00:00.000"
"1126","1127","california","70 Years","2020-03-26T00:00:00.000"
"1127","1128","ILLINOIS","31 Years","2020-01-18T00:00:00.000"
"1128","1129","California","22 Years","2020-01-17T00:00:00.000"
"1129","1130","Georgia","23 Years","2018-10-27T00:00:00.000"
"1130","1131","tennessee","76 Years","2019-07-08T00:00:00.000"
"1131","1132","NEW YORK","34 Years","2019-09-19T00:00:00.000"
"1132","1133","florida","72 Years","2021-08-03T00:00:00.000"
"1133","1134","texas","49 Years","2019-08-26T00:00:00.000"
"1134","1135","Texas","19 Years","2018-05-03T00:00:00.000"
"1135","1136","maryland","22 Years","2020-12-23T00:00:00.000"
"1136","1137","Massachusetts","81 Years","2021-11-04T00:00:00.000"
"1137","1138","CALIFORNIA","19 Years","2018-08-01T00:00:00.000"
"1138","1139","new york","61 Years","2020-07-25T00:00:00.000"
"1139","1140","Maryland","39 Years","2021-01-26T00:00:00.000"
"1140","1141","virginia","78 Years","2020-04-16T00:00:00.000"
"1141","1142","california","62 Years","2021-08-09T00:00:00.000"
"1142","1143","nebraska","73 Years","2020-06-23T00:00:00.000"
"1143","1144","Tennessee","69 Years","2021-08-22T00:00:00.000"
"1144","1145","Washington","70 Years","2019-02-07T00:00:00.000"
"1145","1146","tennessee","61 Years","2020-12-08T00:00:00.000"
"1146","1147","MISSOURI","22 Years","2018-10-26T00:00:00.000"
"1147","1148","west virginia","23 Years","2021-06-17T00:00:00.000"
"1148","1149","New Hampshire","30 Years","2021-02-27T00:00:00.000"
"1149","1150","south dakota","73 Years","2021-01-19T00:00:00.000"
"1150","1151","Georgia","59 Years","2018-07-25T00:00:00.000"
"1151","1152","WASHINGTON","63 Years","2022-02-27T00:00:00.000"
"1152","1153","louisiana","54 Years","2018-04-23T00:00:00.000"
"1153","1154","North Carolina","80 Years","2018-07-22T00:00:00.000"
"1154","1155","colorado","39 Years","2021-03-15T00:00:00.000"
"1155","1156","California","67 Years","2021-04-04T00:00:00.000"
"1156","1157","TEXAS","37 Years","2022-05-22T00:00:00.000"
"1157","1158","Washington","62 Years","2021-09-17T00:00:00.000"
"1158","1159","ohio","50 Years","2019-02-15T00:00:00.000"
"1159","1160","california","65 Years","2019-08-05T00:00:00.000"
"1160","1161","Kansas","56 Years","2020-10-12T00:00:00.000"
"1161","1162","alabama","36 Years","2020-04-27T00:00:00.000"
"1162","1163","utah","37 Years","2020-05-18T00:00:00.000"
"1163","1164","florida","51 Years","2020-01-01T00:00:00.000"
"1164","1165","Massachusetts","57 Years","2021-04-11T00:00:00.000"
"1165","1166","VIRGINIA","39 Years","2019-04-18T00:00:00.000"
"1166","1167","FLORIDA","54 Years","2021-06-01T00:00:00.000"
"1167","1168","NEW JERSEY","76 Years","2020-09-25T00:00:00.000"
"1168","1169","ILLINOIS","50 Years","2021-05-28T00:00:00.000"
"1169","1170","NEW MEXICO","60 Years","2019-07-01T00:00:00.000"
"1170","1171","CALIFORNIA","85 Years","2019-07-29T00:00:00.000"
"1171","1172","CALIFORNIA","81 Years","2018-08-18T00:00:00.000"
"1172","1173","Washington","53 Years","2022-04-28T00:00:00.000"
"1173","1174","pennsylvania","52 Years","2020-01-03T00:00:00.000"
"1174","1175","pennsylvania","30 Years","2021-07-03T00:00:00.000"
"1175","1176","new york","62 Years","2023-03-16T00:00:00.000"
"1176","1177","TEXAS","25 Years","2020-10-27T00:00:00.000"
"1177","1178","north carolina","65 Years","2020-04-12T00:00:00.000"
"1178","1179","Colorado","26 Years","2020-10-24T00:00:00.000"
"1179","1180","INDIANA","47 Years","2020-11-07T00:00:00.000"
"1180","1181","massachusetts","65 Years","2019-12-01T00:00:00.000"
"1181","1182","arizona","21 Years","2019-02-13T00:00:00.000"
"1182","1183","wisconsin","73 Years","2018-05-26T00:00:00.000"
"1183","1184","california","55 Years","2018-12-30T00:00:00.000"
"1184","1185","Wisconsin","51 Years","2019-03-17T00:00:00.000"
"1185","1186","New Jersey","55 Years","2019-07-30T00:00:00.000"
"1186","1187","MARYLAND","23 Years","2019-12-15T00:00:00.000"
"1187","1188","kansas","31 Years","2020-01-12T00:00:00.000"
"1188","1189","MINNESOTA","33 Years","2019-04-14T00:00:00.000"
"1189","1190","Indiana","24 Years","2021-02-05T00:00:00.000"
"1190","1191","IDAHO","79 Years","2021-10-27T00:00:00.000"
"1191","1192","North Carolina","31 Years","2018-07-04T00:00:00.000"
"1192","1193","ALABAMA","82 Years","2021-09-15T00:00:00.000"
"1193","1194","MICHIGAN","85 Years","2020-11-06T00:00:00.000"
"1194","1195","Wisconsin","46 Years","2022-09-12T00:00:00.000"
"1195","1196","California","49 Years","2020-11-15T00:00:00.000"
"1196","1197","Arizona","38 Years","2022-08-02T00:00:00.000"
"1197","1198","New York","47 Years","2021-08-24T00:00:00.000"
"1198","1199","illinois","68 Years","2020-06-01T00:00:00.000"
"1199","1200","ohio","59 Years","2018-09-28T00:00:00.000"
"1200","1201","NEW JERSEY","35 Years","2020-07-13T00:00:00.000"
"1201","1202","minnesota","74 Years","2021-03-10T00:00:00.000"
"1202","1203","california","20 Years","2020-09-29T00:00:00.000"
"1203","1204","Florida","30 Years","2021-10-13T00:00:00.000"
"1204","1205","Pennsylvania","19 Years","2019-03-30T00:00:00.000"
"1205","1206","Washington","76 Years","2020-02-06T00:00:00.000"
"1206","1207","Arkansas","18 Years","2018-04-30T00:00:00.000"
"1207","1208","indiana","82 Years","2020-06-08T00:00:00.000"
"1208","1209","texas","81 Years","2022-01-28T00:00:00.000"
"1209","1210","oklahoma","47 Years","2021-09-08T00:00:00.000"
"1210","1211","California","73 Years","2020-09-11T00:00:00.000"
"1211","1212","Michigan","75 Years","2019-03-18T00:00:00.000"
"1212","1213","california","88 Years","2021-12-24T00:00:00.000"
"1213","1214","texas","89 Years","2020-10-16T00:00:00.000"
"1214","1215","Illinois","76 Years","2021-09-13T00:00:00.000"
"1215","1216","oregon","76 Years","2020-09-10T00:00:00.000"
"1216","1217","MARYLAND","62 Years","2019-10-17T00:00:00.000"
"1217","1218","michigan","74 Years","2021-11-26T00:00:00.000"
"1218","1219","MISSISSIPPI","44 Years","2021-12-02T00:00:00.000"
"1219","1220","california","18 Years","2021-09-02T00:00:00.000"
"1220","1221","CALIFORNIA","81 Years","2020-04-13T00:00:00.000"
"1221","1222","south carolina","74 Years","2020-12-26T00:00:00.000"
"1222","1223","California","21 Years","2019-05-06T00:00:00.000"
"1223","1224","Kansas","18 Years","2018-06-14T00:00:00.000"
"1224","1225","California","83 Years","2021-02-03T00:00:00.000"
"1225","1226","california","24 Years","2018-09-27T00:00:00.000"
"1226","1227","Pennsylvania","33 Years","2021-01-16T00:00:00.000"
"1227","1228","missouri","40 Years","2022-01-13T00:00:00.000"
"1228","1229","Florida","70 Years","2020-11-22T00:00:00.000"
"1229","1230","new york","38 Years","2018-11-05T00:00:00.000"
"1230","1231","INDIANA","42 Years","2021-11-03T00:00:00.000"
"1231","1232","Georgia","52 Years","2021-11-17T00:00:00.000"
"1232","1233","texas","62 Years","2019-01-28T00:00:00.000"
"1233","1234","MONTANA","62 Years","2020-03-23T00:00:00.000"
"1234","1235","north dakota","85 Years","2018-10-25T00:00:00.000"
"1235","1236","Hawaii","89 Years","2019-02-13T00:00:00.000"
"1236","1237","Florida","53 Years","2020-06-26T00:00:00.000"
"1237","1238","ALABAMA","44 Years","2022-08-11T00:00:00.000"
"1238","1239","Texas","49 Years","2020-05-09T00:00:00.000"
"1239","1240","nebraska","48 Years","2020-12-18T00:00:00.000"
"1240","1241","california","21 Years","2020-05-17T00:00:00.000"
"1241","1242","new york","55 Years","2020-07-08T00:00:00.000"
"1242","1243","OHIO","35 Years","2020-12-31T00:00:00.000"
"1243","1244","Ohio","56 Years","2019-09-28T00:00:00.000"
"1244","1245","MINNESOTA","64 Years","2019-02-12T00:00:00.000"
"1245","1246","FLORIDA","74 Years","2022-03-27T00:00:00.000"
"1246","1247","new york","75 Years","2020-01-26T00:00:00.000"
"1247","1248","OREGON","47 Years","2020-08-28T00:00:00.000"
"1248","1249","SOUTH DAKOTA","50 Years","2021-01-25T00:00:00.000"
"1249","1250","florida","77 Years","2022-06-14T00:00:00.000"
"1250","1251","North Carolina","21 Years","2021-03-09T00:00:00.000"
"1251","1252","ohio","27 Years","2019-01-07T00:00:00.000"
"1252","1253","FLORIDA","77 Years","2018-12-18T00:00:00.000"
"1253","1254","TEXAS","34 Years","2018-09-30T00:00:00.000"
"1254","1255","louisiana","71 Years","2021-08-02T00:00:00.000"
"1255","1256","ARKANSAS","26 Years","2018-04-25T00:00:00.000"
"1256","1257","California","48 Years","2020-11-20T00:00:00.000"
"1257","1258","california","36 Years","2020-07-20T00:00:00.000"
"1258","1259","illinois","87 Years","2022-07-29T00:00:00.000"
"1259","1260","Kentucky","61 Years","2018-06-15T00:00:00.000"
"1260","1261","ohio","45 Years","2020-06-16T00:00:00.000"
"1261","1262","FLORIDA","47 Years","2019-02-22T00:00:00.000"
"1262","1263","MISSISSIPPI","30 Years","2019-01-18T00:00:00.000"
"1263","1264","ILLINOIS","45 Years","2019-03-12T00:00:00.000"
"1264","1265","New York","18 Years","2021-01-12T00:00:00.000"
"1265","1266","Pennsylvania","55 Years","2020-09-15T00:00:00.000"
"1266","1267","Michigan","74 Years","2020-12-07T00:00:00.000"
"1267","1268","Wisconsin","61 Years","2021-07-28T00:00:00.000"
"1268","1269","florida","76 Years","2021-06-20T00:00:00.000"
"1269","1270","WISCONSIN","29 Years","2018-12-12T00:00:00.000"
"1270","1271","Ohio","54 Years","2021-05-09T00:00:00.000"
"1271","1272","California","53 Years","2020-08-05T00:00:00.000"
"1272","1273","MINNESOTA","89 Years","2018-08-25T00:00:00.000"
"1273","1274","LOUISIANA","71 Years","2019-11-22T00:00:00.000"
"1274","1275","MAINE","37 Years","2019-12-03T00:00:00.000"
"1275","1276","oklahoma","25 Years","2020-09-29T00:00:00.000"
"1276","1277","montana","33 Years","2019-10-12T00:00:00.000"
"1277","1278","FLORIDA","79 Years","2019-09-03T00:00:00.000"
"1278","1279","california","83 Years","2021-02-13T00:00:00.000"
"1279","1280","Tennessee","84 Years","2021-09-25T00:00:00.000"
"1280","1281","Illinois","43 Years","2020-03-01T00:00:00.000"
"1281","1282","New Jersey","38 Years","2019-11-07T00:00:00.000"
"1282","1283","Mississippi","35 Years","2020-07-18T00:00:00.000"
"1283","1284","New Jersey","86 Years","2020-11-12T00:00:00.000"
"1284","1285","ALABAMA","30 Years","2021-06-07T00:00:00.000"
"1285","1286","massachusetts","65 Years","2020-07-05T00:00:00.000"
"1286","1287","Louisiana","74 Years","2020-07-16T00:00:00.000"
"1287","1288","LOUISIANA","76 Years","2018-07-27T00:00:00.000"
"1288","1289","TEXAS","86 Years","2021-01-20T00:00:00.000"
"1289","1290","TENNESSEE","75 Years","2020-06-13T00:00:00.000"
"1290","1291","CALIFORNIA","76 Years","2020-08-25T00:00:00.000"
"1291","1292","georgia","29 Years","2018-10-30T00:00:00.000"
"1292","1293","California","19 Years","2019-03-22T00:00:00.000"
"1293","1294","ILLINOIS","87 Years","2019-04-04T00:00:00.000"
"1294","1295","south carolina","84 Years","2020-07-10T00:00:00.000"
"1295","1296","INDIANA","30 Years","2018-10-02T00:00:00.000"
"1296","1297","Virginia","57 Years","2021-12-07T00:00:00.000"
"1297","1298","illinois","20 Years","2018-08-20T00:00:00.000"
"1298","1299","TEXAS","48 Years","2018-07-01T00:00:00.000"
"1299","1300","texas","33 Years","2018-12-14T00:00:00.000"
"1300","1301","Ohio","34 Years","2019-09-04T00:00:00.000"
"1301","1302","alabama","60 Years","2020-08-09T00:00:00.000"
"1302","1303","Washington","81 Years","2018-10-26T00:00:00.000"
"1303","1304","Nevada","89 Years","2019-08-01T00:00:00.000"
"1304","1305","ohio","80 Years","2020-03-27T00:00:00.000"
"1305","1306","GEORGIA","66 Years","2020-12-12T00:00:00.000"
"1306","1307","new york","24 Years","2021-05-22T00:00:00.000"
"1307","1308","new york","69 Years","2018-05-17T00:00:00.000"
"1308","1309","CALIFORNIA","76 Years","2021-05-26T00:00:00.000"
"1309","1310","MICHIGAN","40 Years","2022-02-01T00:00:00.000"
"1310","1311","TEXAS","52 Years","2021-02-11T00:00:00.000"
"1311","1312","texas","21 Years","2020-04-18T00:00:00.000"
"1312","1313","washington","63 Years","2022-01-18T00:00:00.000"
"1313","1314","Oklahoma","20 Years","2019-06-27T00:00:00.000"
"1314","1315","minnesota","75 Years","2019-08-12T00:00:00.000"
"1315","1316","New Hampshire","40 Years","2019-01-23T00:00:00.000"
"1316","1317","CALIFORNIA","19 Years","2021-06-15T00:00:00.000"
"1317","1318","california","89 Years","2020-07-12T00:00:00.000"
"1318","1319","WISCONSIN","77 Years","2020-08-16T00:00:00.000"
"1319","1320","florida","46 Years","2021-02-13T00:00:00.000"
"1320","1321","maryland","71 Years","2019-08-31T00:00:00.000"
"1321","1322","NEW YORK","72 Years","2020-06-29T00:00:00.000"
"1322","1323","california","85 Years","2019-09-07T00:00:00.000"
"1323","1324","West Virginia","63 Years","2018-10-27T00:00:00.000"
"1324","1325","Massachusetts","69 Years","2019-12-03T00:00:00.000"
"1325","1326","Alaska","64 Years","2018-07-23T00:00:00.000"
"1326","1327","Georgia","83 Years","2020-03-25T00:00:00.000"
"1327","1328","massachusetts","59 Years","2020-04-14T00:00:00.000"
"1328","1329","michigan","85 Years","2018-08-12T00:00:00.000"
"1329","1330","florida","37 Years","2019-05-14T00:00:00.000"
"1330","1331","ohio","29 Years","2022-03-06T00:00:00.000"
"1331","1332","massachusetts","78 Years","2020-06-17T00:00:00.000"
"1332","1333","Maryland","55 Years","2022-09-26T00:00:00.000"
"1333","1334","texas","44 Years","2019-10-09T00:00:00.000"
"1334","1335","california","61 Years","2020-05-31T00:00:00.000"
"1335","1336","massachusetts","58 Years","2018-06-19T00:00:00.000"
"1336","1337","ohio","18 Years","2020-08-23T00:00:00.000"
"1337","1338","indiana","43 Years","2020-03-16T00:00:00.000"
"1338","1339","florida","26 Years","2020-11-16T00:00:00.000"
"1339","1340","Pennsylvania","49 Years","2020-08-01T00:00:00.000"
"1340","1341","Pennsylvania","87 Years","2019-04-01T00:00:00.000"
"1341","1342","CALIFORNIA","53 Years","2019-07-13T00:00:00.000"
"1342","1343","maryland","21 Years","2020-12-07T00:00:00.000"
"1343","1344","california","53 Years","2019-01-04T00:00:00.000"
"1344","1345","Washington","22 Years","2021-07-10T00:00:00.000"
"1345","1346","Texas","43 Years","2019-12-23T00:00:00.000"
"1346","1347","UTAH","19 Years","2020-04-26T00:00:00.000"
"1347","1348","colorado","44 Years","2018-09-23T00:00:00.000"
"1348","1349","CALIFORNIA","28 Years","2020-08-26T00:00:00.000"
"1349","1350","georgia","47 Years","2020-04-26T00:00:00.000"
"1350","1351","WISCONSIN","77 Years","2018-04-29T00:00:00.000"
"1351","1352","california","78 Years","2022-12-01T00:00:00.000"
"1352","1353","california","80 Years","2019-10-20T00:00:00.000"
"1353","1354","California","72 Years","2022-05-30T00:00:00.000"
"1354","1355","oregon","19 Years","2019-12-05T00:00:00.000"
"1355","1356","Georgia","58 Years","2020-07-08T00:00:00.000"
"1356","1357","Texas","83 Years","2018-09-23T00:00:00.000"
"1357","1358","CALIFORNIA","72 Years","2019-06-24T00:00:00.000"
"1358","1359","indiana","22 Years","2018-06-10T00:00:00.000"
"1359","1360","new york","18 Years","2021-04-27T00:00:00.000"
"1360","1361","maryland","56 Years","2018-10-27T00:00:00.000"
"1361","1362","Michigan","50 Years","2020-07-01T00:00:00.000"
"1362","1363","texas","84 Years","2020-01-29T00:00:00.000"
"1363","1364","north carolina","29 Years","2019-10-03T00:00:00.000"
"1364","1365","ohio","28 Years","2021-03-16T00:00:00.000"
"1365","1366","VIRGINIA","70 Years","2018-04-25T00:00:00.000"
"1366","1367","New York","33 Years","2019-03-17T00:00:00.000"
"1367","1368","California","71 Years","2022-06-13T00:00:00.000"
"1368","1369","New York","66 Years","2019-02-11T00:00:00.000"
"1369","1370","Indiana","60 Years","2020-12-01T00:00:00.000"
"1370","1371","Maryland","35 Years","2021-03-24T00:00:00.000"
"1371","1372","Kentucky","29 Years","2021-07-22T00:00:00.000"
"1372","1373","North Carolina","46 Years","2020-09-10T00:00:00.000"
"1373","1374","NORTH CAROLINA","33 Years","2020-02-06T00:00:00.000"
"1374","1375","California","46 Years","2020-01-26T00:00:00.000"
"1375","1376","tennessee","85 Years","2021-04-11T00:00:00.000"
"1376","1377","texas","39 Years","2020-12-05T00:00:00.000"
"1377","1378","Pennsylvania","36 Years","2018-09-11T00:00:00.000"
"1378","1379","Tennessee","70 Years","2019-07-14T00:00:00.000"
"1379","1380","illinois","62 Years","2021-04-06T00:00:00.000"
"1380","1381","new jersey","73 Years","2020-05-29T00:00:00.000"
"1381","1382","Maryland","48 Years","2021-11-07T00:00:00.000"
"1382","1383","Ohio","69 Years","2020-12-19T00:00:00.000"
"1383","1384","nevada","58 Years","2022-10-11T00:00:00.000"
"1384","1385","alabama","67 Years","2020-10-21T00:00:00.000"
"1385","1386","Texas","26 Years","2021-12-02T00:00:00.000"
"1386","1387","OKLAHOMA","34 Years","2020-05-03T00:00:00.000"
"1387","1388","Wisconsin","20 Years","2019-08-23T00:00:00.000"
"1388","1389","california","72 Years","2020-08-31T00:00:00.000"
"1389","1390","OKLAHOMA","21 Years","2019-05-21T00:00:00.000"
"1390","1391","kentucky","59 Years","2020-10-11T00:00:00.000"
"1391","1392","Florida","60 Years","2020-07-30T00:00:00.000"
"1392","1393","TEXAS","71 Years","2022-06-14T00:00:00.000"
"1393","1394","nebraska","50 Years","2020-05-03T00:00:00.000"
"1394","1395","Rhode Island","59 Years","2019-07-25T00:00:00.000"
"1395","1396","colorado","87 Years","2021-06-20T00:00:00.000"
"1396","1397","New York","72 Years","2019-02-26T00:00:00.000"
"1397","1398","Montana","76 Years","2019-08-16T00:00:00.000"
"1398","1399","virginia","58 Years","2021-03-09T00:00:00.000"
"1399","1400","michigan","38 Years","2021-01-03T00:00:00.000"
"1400","1401","california","49 Years","2019-07-11T00:00:00.000"
"1401","1402","California","58 Years","2018-05-14T00:00:00.000"
"1402","1403","ohio","67 Years","2021-08-23T00:00:00.000"
"1403","1404","new hampshire","56 Years","2019-12-04T00:00:00.000"
"1404","1405","missouri","18 Years","2018-08-22T00:00:00.000"
"1405","1406","tennessee","26 Years","2020-06-25T00:00:00.000"
"1406","1407","Arkansas","70 Years","2021-11-29T00:00:00.000"
"1407","1408","New Jersey","31 Years","2020-09-21T00:00:00.000"
"1408","1409","north carolina","58 Years","2023-02-23T00:00:00.000"
"1409","1410","California","21 Years","2021-04-25T00:00:00.000"
"1410","1411","New York","66 Years","2020-02-06T00:00:00.000"
"1411","1412","missouri","20 Years","2019-08-13T00:00:00.000"
"1412","1413","new york","27 Years","2019-03-29T00:00:00.000"
"1413","1414","Minnesota","20 Years","2021-08-20T00:00:00.000"
"1414","1415","Oregon","84 Years","2019-02-04T00:00:00.000"
"1415","1416","louisiana","47 Years","2019-12-10T00:00:00.000"
"1416","1417","south carolina","40 Years","2019-06-09T00:00:00.000"
"1417","1418","texas","46 Years","2022-01-02T00:00:00.000"
"1418","1419","Wisconsin","27 Years","2023-01-03T00:00:00.000"
"1419","1420","Wisconsin","66 Years","2021-05-21T00:00:00.000"
"1420","1421","MISSOURI","61 Years","2021-07-19T00:00:00.000"
"1421","1422","ARKANSAS","72 Years","2019-03-13T00:00:00.000"
"1422","1423","TEXAS","36 Years","2022-01-01T00:00:00.000"
"1423","1424","New York","61 Years","2022-02-14T00:00:00.000"
"1424","1425","oklahoma","78 Years","2020-12-12T00:00:00.000"
"1425","1426","california","38 Years","2021-01-14T00:00:00.000"
"1426","1427","New York","58 Years","2020-11-30T00:00:00.000"
"1427","1428","New York","67 Years","2020-03-22T00:00:00.000"
"1428","1429","CALIFORNIA","68 Years","2020-09-15T00:00:00.000"
"1429","1430","FLORIDA","59 Years","2018-06-13T00:00:00.000"
"1430","1431","florida","23 Years","2020-11-24T00:00:00.000"
"1431","1432","OREGON","69 Years","2021-04-16T00:00:00.000"
"1432","1433","North Carolina","62 Years","2020-09-17T00:00:00.000"
"1433","1434","New Jersey","31 Years","2021-01-30T00:00:00.000"
"1434","1435","TEXAS","85 Years","2020-06-21T00:00:00.000"
"1435","1436","CALIFORNIA","55 Years","2019-12-18T00:00:00.000"
"1436","1437","maryland","49 Years","2020-08-26T00:00:00.000"
"1437","1438","Florida","58 Years","2021-12-30T00:00:00.000"
"1438","1439","Wisconsin","70 Years","2021-05-18T00:00:00.000"
"1439","1440","pennsylvania","74 Years","2021-01-03T00:00:00.000"
"1440","1441","Virginia","74 Years","2018-05-27T00:00:00.000"
"1441","1442","New York","54 Years","2020-03-07T00:00:00.000"
"1442","1443","indiana","84 Years","2019-12-11T00:00:00.000"
"1443","1444","texas","33 Years","2022-11-21T00:00:00.000"
"1444","1445","Pennsylvania","79 Years","2021-02-11T00:00:00.000"
"1445","1446","CALIFORNIA","76 Years","2019-03-06T00:00:00.000"
"1446","1447","UTAH","40 Years","2021-01-20T00:00:00.000"
"1447","1448","CALIFORNIA","55 Years","2019-08-14T00:00:00.000"
"1448","1449","new jersey","68 Years","2020-09-01T00:00:00.000"
"1449","1450","GEORGIA","66 Years","2021-11-29T00:00:00.000"
"1450","1451","Ohio","54 Years","2021-09-28T00:00:00.000"
"1451","1452","Massachusetts","81 Years","2020-02-02T00:00:00.000"
"1452","1453","Texas","78 Years","2022-12-12T00:00:00.000"
"1453","1454","GEORGIA","58 Years","2021-06-21T00:00:00.000"
"1454","1455","virginia","33 Years","2019-08-06T00:00:00.000"
"1455","1456","Texas","29 Years","2021-01-06T00:00:00.000"
"1456","1457","OREGON","66 Years","2021-08-06T00:00:00.000"
"1457","1458","Wisconsin","43 Years","2020-08-29T00:00:00.000"
"1458","1459","VIRGINIA","44 Years","2021-06-07T00:00:00.000"
"1459","1460","GEORGIA","50 Years","2019-02-07T00:00:00.000"
"1460","1461","North Carolina","84 Years","2019-06-17T00:00:00.000"
"1461","1462","texas","43 Years","2018-08-16T00:00:00.000"
"1462","1463","ohio","63 Years","2019-12-21T00:00:00.000"
"1463","1464","Arizona","82 Years","2021-09-12T00:00:00.000"
"1464","1465","Connecticut","88 Years","2021-09-18T00:00:00.000"
"1465","1466","california","70 Years","2020-10-17T00:00:00.000"
"1466","1467","north carolina","20 Years","2019-03-02T00:00:00.000"
"1467","1468","Pennsylvania","23 Years","2022-08-14T00:00:00.000"
"1468","1469","CALIFORNIA","58 Years","2021-03-24T00:00:00.000"
"1469","1470","MICHIGAN","30 Years","2018-04-12T00:00:00.000"
"1470","1471","massachusetts","38 Years","2020-11-12T00:00:00.000"
"1471","1472","virginia","34 Years","2020-08-31T00:00:00.000"
"1472","1473","TENNESSEE","53 Years","2021-09-23T00:00:00.000"
"1473","1474","Illinois","25 Years","2020-02-24T00:00:00.000"
"1474","1475","texas","58 Years","2021-11-04T00:00:00.000"
"1475","1476","texas","27 Years","2020-10-11T00:00:00.000"
"1476","1477","New York","40 Years","2019-09-09T00:00:00.000"
"1477","1478","north carolina","43 Years","2019-11-07T00:00:00.000"
"1478","1479","LOUISIANA","77 Years","2020-06-04T00:00:00.000"
"1479","1480","New York","33 Years","2019-10-04T00:00:00.000"
"1480","1481","NEW YORK","45 Years","2020-08-01T00:00:00.000"
"1481","1482","New Jersey","23 Years","2021-02-07T00:00:00.000"
"1482","1483","Ohio","69 Years","2020-07-18T00:00:00.000"
"1483","1484","Texas","74 Years","2021-01-31T00:00:00.000"
"1484","1485","Arizona","37 Years","2020-04-23T00:00:00.000"
"1485","1486","Texas","49 Years","2018-05-21T00:00:00.000"
"1486","1487","georgia","19 Years","2018-10-16T00:00:00.000"
"1487","1488","Louisiana","54 Years","2018-12-05T00:00:00.000"
"1488","1489","Kansas","27 Years","2019-11-16T00:00:00.000"
"1489","1490","indiana","60 Years","2018-05-17T00:00:00.000"
"1490","1491","WASHINGTON","75 Years","2018-08-30T00:00:00.000"
"1491","1492","pennsylvania","80 Years","2021-11-30T00:00:00.000"
"1492","1493","TENNESSEE","22 Years","2021-09-15T00:00:00.000"
"1493","1494","texas","70 Years","2019-02-20T00:00:00.000"
"1494","1495","OHIO","80 Years","2021-11-25T00:00:00.000"
"1495","1496","CALIFORNIA","27 Years","2020-04-06T00:00:00.000"
"1496","1497","Kentucky","62 Years","2021-01-06T00:00:00.000"
"1497","1498","texas","45 Years","2019-08-14T00:00:00.000"
"1498","1499","WISCONSIN","25 Years","2018-11-02T00:00:00.000"
"1499","1500","Delaware","66 Years","2020-08-01T00:00:00.000"