"index","policy_id","start_date","policy_type","active"
"0","643cee8e","2021-03-18T00:00:00.000","US","False"
"1","ce8819ac","2020-10-29T00:00:00.000","US","False"
"2","13625927","2020-08-22T00:00:00.000","International","False"
"3","3a5be741","2021-01-29T00:00:00.000","International","False"
"4","b61b1846","2022-02-16T00:00:00.000","International","False"
"5","1fe6b1b0","2022-10-09T00:00:00.000","US","True"
"6","ca58ecc0","2021-11-16T00:00:00.000","US","False"
"7","58282b6b","2022-12-08T00:00:00.000","International","True"
"8","6dbf4954","2021-10-22T00:00:00.000","International","False"
"9","6e041de6","2020-06-02T00:00:00.000","US","False"
"10","24076025","2022-11-14T00:00:00.000","US","True"
"11","46100d46","2021-10-28T00:00:00.000","US","False"
"12","52f85b64","2021-07-20T00:00:00.000","US","False"
"13","6ef05339","2022-02-19T00:00:00.000","US","False"
"14","aca5099b","2020-09-01T00:00:00.000","US","False"
"15","27ee1410","2020-07-28T00:00:00.000","US","False"
"16","a4b8f43a","2023-02-06T00:00:00.000","International","True"
"17","195aa8cb","2022-12-29T00:00:00.000","US","True"
"18","dd574014","2023-01-28T00:00:00.000","International","True"
"19","6eaa608c","2021-02-10T00:00:00.000","US","False"
"20","876cca79","2021-09-27T00:00:00.000","US","False"
"21","32ad53c9","2021-03-10T00:00:00.000","US","False"
"22","8fd3a232","2020-12-15T00:00:00.000","US","False"
"23","6aa9987f","2022-06-11T00:00:00.000","US","True"
"24","c7957649","2021-04-16T00:00:00.000","US","False"
"25","fa6bf284","2022-09-02T00:00:00.000","US","True"
"26","9d832b49","2021-03-26T00:00:00.000","US","False"
"27","65bfae75","2023-03-13T00:00:00.000","International","True"
"28","49a8b4d5","2022-12-14T00:00:00.000","US","True"
"29","d084578a","2022-08-06T00:00:00.000","US","True"
"30","9bbce241","2022-02-15T00:00:00.000","International","False"
"31","08702803","2020-06-03T00:00:00.000","US","False"
"32","18f69012","2021-12-15T00:00:00.000","International","False"
"33","73f11022","2021-11-26T00:00:00.000","US","False"
"34","3740c96d","2022-03-29T00:00:00.000","US","False"
"35","649e872f","2022-02-09T00:00:00.000","US","False"
"36","14fdd005","2021-07-12T00:00:00.000","US","False"
"37","4d605fcb","2020-10-20T00:00:00.000","International","False"
"38","83df5b9c","2020-12-31T00:00:00.000","US","False"
"39","51ce68b4","2022-08-14T00:00:00.000","US","True"
"40","bc7971fa","2020-10-16T00:00:00.000","International","False"
"41","655a6fa6","2022-01-07T00:00:00.000","US","False"
"42","09c60a9c","2020-12-14T00:00:00.000","International","False"
"43","34062b95","2021-09-04T00:00:00.000","US","False"
"44","68d0eec2","2023-03-02T00:00:00.000","US","True"
"45","14edb1ee","2022-03-21T00:00:00.000","US","False"
"46","189fe173","2021-04-14T00:00:00.000","US","False"
"47","25b08960","2021-06-03T00:00:00.000","US","False"
"48","481ce430","2023-03-25T00:00:00.000","US","True"
"49","205c8677","2021-04-25T00:00:00.000","US","False"
"50","05c42698","2022-09-21T00:00:00.000","US","True"
"51","b0894d6d","2023-02-04T00:00:00.000","International","True"
"52","51541726","2022-06-26T00:00:00.000","US","True"
"53","a18cb0f2","2022-05-26T00:00:00.000","US","True"
"54","c1a8e0a3","2020-12-06T00:00:00.000","US","False"
"55","94ca8b58","2020-05-21T00:00:00.000","US","False"
"56","6a279099","2022-09-28T00:00:00.000","US","True"
"57","4586a2d5","2021-11-10T00:00:00.000","US","False"
"58","98c78bda","2020-12-27T00:00:00.000","US","False"
"59","226f9d22","2021-12-17T00:00:00.000","US","False"
"60","096c3a00","2023-01-17T00:00:00.000","US","True"
"61","9b9863ed","2020-11-01T00:00:00.000","US","False"
"62","5fcdc1ff","2021-12-04T00:00:00.000","US","False"
"63","72f72439","2022-12-15T00:00:00.000","US","True"
"64","72628bb7","2020-06-24T00:00:00.000","US","False"
"65","60f44d66","2021-05-24T00:00:00.000","International","False"
"66","8ee1c493","2023-01-27T00:00:00.000","International","True"
"67","242d154c","2023-02-09T00:00:00.000","US","True"
"68","7f885ff4","2022-02-07T00:00:00.000","International","False"
"69","73c6e9e2","2021-09-07T00:00:00.000","US","False"
"70","9ca351b6","2022-07-24T00:00:00.000","US","True"
"71","21fa09cf","2022-07-25T00:00:00.000","International","True"
"72","3bec3779","2022-06-17T00:00:00.000","US","True"
"73","7cf2ece4","2022-01-24T00:00:00.000","US","False"
"74","31e05e1b","2021-09-22T00:00:00.000","US","False"
"75","68c407c2","2022-11-01T00:00:00.000","US","True"
"76","a8c3ab4e","2021-08-25T00:00:00.000","International","False"
"77","cbafd350","2020-11-22T00:00:00.000","US","False"
"78","a93b55c5","2022-10-13T00:00:00.000","US","True"
"79","1b89d25f","2023-03-11T00:00:00.000","US","True"
"80","87f7eb00","2021-02-08T00:00:00.000","US","False"
"81","b198621c","2021-01-20T00:00:00.000","International","False"
"82","fb000c77","2022-11-10T00:00:00.000","US","True"
"83","4e543a31","2020-11-27T00:00:00.000","US","False"
"84","3dac6b89","2020-11-18T00:00:00.000","International","False"
"85","e54d2386","2023-01-26T00:00:00.000","US","True"
"86","cb10a64f","2021-07-19T00:00:00.000","US","False"
"87","e689ce9c","2020-07-03T00:00:00.000","International","False"
"88","b97a6bd5","2022-03-05T00:00:00.000","US","False"
"89","05d6de84","2022-06-27T00:00:00.000","International","True"
"90","9376733f","2021-06-29T00:00:00.000","US","False"
"91","32751f79","2022-01-19T00:00:00.000","US","False"
"92","f58c50d9","2022-09-25T00:00:00.000","International","True"
"93","12e1f222","2022-07-05T00:00:00.000","US","True"
"94","edf8b86c","2021-02-04T00:00:00.000","International","False"
"95","a62f1cec","2020-07-22T00:00:00.000","International","False"
"96","5e0f5155","2020-11-13T00:00:00.000","International","False"
"97","ef841c10","2020-08-09T00:00:00.000","International","False"
"98","a85074b5","2022-05-17T00:00:00.000","US","True"
"99","9323eafc","2022-05-08T00:00:00.000","US","True"
"100","e9a87ab7","2021-05-08T00:00:00.000","US","False"
"101","f853dedf","2021-09-10T00:00:00.000","US","False"
"102","2a265150","2022-01-19T00:00:00.000","US","False"
"103","3687d5d2","2020-12-09T00:00:00.000","International","False"
"104","d0dd90ac","2022-06-08T00:00:00.000","US","True"
"105","3df4dc06","2020-07-14T00:00:00.000","US","False"
"106","ba968a30","2022-01-06T00:00:00.000","US","False"
"107","361c636c","2021-01-14T00:00:00.000","US","False"
"108","2c8e4a6d","2021-05-17T00:00:00.000","International","False"
"109","76e0c098","2021-02-25T00:00:00.000","US","False"
"110","497538d5","2021-04-09T00:00:00.000","International","False"
"111","8ba612b4","2020-10-05T00:00:00.000","US","False"
"112","5b6ddab1","2022-01-06T00:00:00.000","US","False"
"113","8666dd22","2020-05-14T00:00:00.000","US","False"
"114","b7422c72","2022-05-15T00:00:00.000","US","True"
"115","4db08dd6","2021-11-27T00:00:00.000","US","False"
"116","8b804147","2022-08-31T00:00:00.000","US","True"
"117","4736c67f","2021-12-10T00:00:00.000","US","False"
"118","735f83bf","2022-09-18T00:00:00.000","International","True"
"119","0311ea6f","2021-08-31T00:00:00.000","US","False"
"120","711c674f","2022-09-10T00:00:00.000","US","True"
"121","1d821527","2021-02-03T00:00:00.000","International","False"
"122","e3c7398b","2020-10-06T00:00:00.000","US","False"
"123","2fcafac3","2020-12-19T00:00:00.000","US","False"
"124","f9ac15c4","2021-04-04T00:00:00.000","US","False"
"125","2c16db0a","2022-04-11T00:00:00.000","International","True"
"126","84cb383f","2021-11-05T00:00:00.000","US","False"
"127","12188906","2020-04-22T00:00:00.000","US","False"
"128","9c70bea3","2022-07-02T00:00:00.000","US","True"
"129","f314718f","2022-07-21T00:00:00.000","US","True"
"130","564d8019","2020-06-03T00:00:00.000","US","False"
"131","1c7b74e0","2020-05-02T00:00:00.000","US","False"
"132","1fe7a3b9","2022-06-25T00:00:00.000","US","True"
"133","8cf765f0","2021-08-31T00:00:00.000","International","False"
"134","2dbd8d2f","2020-09-28T00:00:00.000","US","False"
"135","6c48d43e","2021-08-26T00:00:00.000","US","False"
"136","b7b84c44","2020-04-30T00:00:00.000","International","False"
"137","3a134560","2021-10-28T00:00:00.000","International","False"
"138","e1cf1599","2022-11-10T00:00:00.000","US","True"
"139","fc4279f4","2021-01-13T00:00:00.000","US","False"
"140","649eecf0","2021-11-02T00:00:00.000","International","False"
"141","e086878b","2020-07-09T00:00:00.000","US","False"
"142","4e49f001","2022-01-12T00:00:00.000","International","False"
"143","e60fabfe","2021-05-29T00:00:00.000","US","False"
"144","475a8002","2022-01-09T00:00:00.000","US","False"
"145","cdb5b0b8","2020-07-21T00:00:00.000","US","False"
"146","5ed9b196","2021-10-06T00:00:00.000","US","False"
"147","69188d89","2022-09-18T00:00:00.000","US","True"
"148","b9edd6a7","2020-12-17T00:00:00.000","US","False"
"149","1c233300","2022-05-20T00:00:00.000","US","True"
"150","dd8dde94","2020-10-13T00:00:00.000","US","False"
"151","bfbd833b","2021-03-29T00:00:00.000","US","False"
"152","04b0353d","2022-02-09T00:00:00.000","US","False"
"153","b0274ce1","2020-05-06T00:00:00.000","International","False"
"154","654ad3ea","2020-10-02T00:00:00.000","US","False"
"155","d919bab6","2020-10-21T00:00:00.000","US","False"
"156","0c44f357","2021-12-13T00:00:00.000","US","False"
"157","c6fc1c4e","2021-07-26T00:00:00.000","International","False"
"158","66476679","2021-09-24T00:00:00.000","US","False"
"159","4ea0b550","2023-02-04T00:00:00.000","US","True"
"160","beb03eee","2022-08-19T00:00:00.000","International","True"
"161","ef7944ed","2022-10-15T00:00:00.000","US","True"
"162","3676677f","2021-05-19T00:00:00.000","US","False"
"163","fbdddf5e","2020-12-03T00:00:00.000","US","False"
"164","7b7ebcdb","2021-09-01T00:00:00.000","US","False"
"165","2a39c266","2022-05-14T00:00:00.000","International","True"
"166","e264e7be","2020-09-28T00:00:00.000","US","False"
"167","1bcbbb70","2020-10-04T00:00:00.000","US","False"
"168","ad7c3962","2021-04-23T00:00:00.000","US","False"
"169","db0299b8","2021-09-27T00:00:00.000","US","False"
"170","1a5c3811","2020-04-13T00:00:00.000","US","False"
"171","697d73c8","2022-03-15T00:00:00.000","US","False"
"172","a06f720f","2020-06-07T00:00:00.000","US","False"
"173","19143812","2020-06-20T00:00:00.000","US","False"
"174","299935bd","2020-08-14T00:00:00.000","US","False"
"175","15add857","2020-05-09T00:00:00.000","US","False"
"176","387433de","2020-09-22T00:00:00.000","International","False"
"177","329cd164","2022-12-03T00:00:00.000","US","True"
"178","6a30d2c3","2021-09-05T00:00:00.000","US","False"
"179","e6ae9235","2022-11-22T00:00:00.000","US","True"
"180","cea72681","2020-11-18T00:00:00.000","US","False"
"181","8208ac6f","2021-03-11T00:00:00.000","US","False"
"182","7d181108","2020-04-20T00:00:00.000","US","False"
"183","1df0dca4","2023-03-03T00:00:00.000","US","True"
"184","7c864369","2021-04-06T00:00:00.000","US","False"
"185","7204ee7e","2022-03-02T00:00:00.000","US","False"
"186","980e2140","2022-04-23T00:00:00.000","US","True"
"187","5fe210bd","2022-03-09T00:00:00.000","US","False"
"188","a01e5ad2","2021-05-28T00:00:00.000","US","False"
"189","ea01bb3e","2021-11-11T00:00:00.000","International","False"
"190","67880bb1","2020-06-02T00:00:00.000","US","False"
"191","cf4b36a6","2021-05-14T00:00:00.000","US","False"
"192","123b78c3","2021-11-03T00:00:00.000","US","False"
"193","d2b178fc","2021-03-03T00:00:00.000","US","False"
"194","9e9343c8","2021-05-12T00:00:00.000","International","False"
"195","28fac496","2022-05-25T00:00:00.000","US","True"
"196","27640b18","2022-12-09T00:00:00.000","US","True"
"197","1a071a43","2023-01-24T00:00:00.000","US","True"
"198","fd1d386d","2022-07-29T00:00:00.000","US","True"
"199","17a9a007","2022-08-04T00:00:00.000","US","True"
"200","4cfa0a77","2022-06-30T00:00:00.000","US","True"
"201","bfb77cb7","2023-01-10T00:00:00.000","US","True"
"202","c4b024ba","2023-03-19T00:00:00.000","US","True"
"203","e3109377","2022-07-11T00:00:00.000","International","True"
"204","180e58e9","2021-07-26T00:00:00.000","US","False"
"205","cd258019","2020-09-11T00:00:00.000","US","False"
"206","653659e9","2021-02-23T00:00:00.000","US","False"
"207","bd4ffa23","2020-05-06T00:00:00.000","International","False"
"208","e3c5068b","2022-04-30T00:00:00.000","International","True"
"209","be78da2d","2020-07-19T00:00:00.000","US","False"
"210","fe5dc698","2023-01-20T00:00:00.000","US","True"
"211","f71d7506","2021-04-22T00:00:00.000","US","False"
"212","0678c0bc","2020-12-20T00:00:00.000","US","False"
"213","535c26b5","2021-02-13T00:00:00.000","US","False"
"214","5948b7a2","2020-05-13T00:00:00.000","International","False"
"215","d3ff6f4a","2022-05-23T00:00:00.000","US","True"
"216","d91b2ba3","2023-02-08T00:00:00.000","US","True"
"217","066ab4ba","2021-11-28T00:00:00.000","US","False"
"218","37363395","2021-10-10T00:00:00.000","International","False"
"219","26d584fe","2022-06-11T00:00:00.000","International","True"
"220","87120269","2022-08-10T00:00:00.000","US","True"
"221","c0a9569e","2021-09-19T00:00:00.000","US","False"
"222","2a8f9b30","2021-09-07T00:00:00.000","US","False"
"223","a543753a","2020-10-06T00:00:00.000","US","False"
"224","a9a78070","2021-12-18T00:00:00.000","US","False"
"225","aa0984d3","2021-12-16T00:00:00.000","US","False"
"226","2690edc1","2022-07-02T00:00:00.000","US","True"
"227","25667a79","2023-01-28T00:00:00.000","US","True"
"228","eb8bcd3e","2021-06-12T00:00:00.000","US","False"
"229","7e90bfa2","2022-06-06T00:00:00.000","US","True"
"230","8863081a","2022-02-14T00:00:00.000","US","False"
"231","a565e867","2023-01-14T00:00:00.000","US","True"
"232","b7050fa0","2022-09-27T00:00:00.000","US","True"
"233","0b597d11","2022-02-16T00:00:00.000","US","False"
"234","51c68a45","2020-05-03T00:00:00.000","US","False"
"235","4593ab60","2021-06-29T00:00:00.000","US","False"
"236","1c6a287e","2021-10-09T00:00:00.000","International","False"
"237","2c61f6a7","2020-08-05T00:00:00.000","US","False"
"238","ab28b2f9","2020-11-11T00:00:00.000","US","False"
"239","fe7293d7","2023-03-18T00:00:00.000","US","True"
"240","1fb3561b","2021-12-11T00:00:00.000","US","False"
"241","6c91911d","2022-10-11T00:00:00.000","US","True"
"242","c4b42794","2020-04-15T00:00:00.000","International","False"
"243","3ea441ce","2021-10-29T00:00:00.000","US","False"
"244","2c51df07","2022-04-10T00:00:00.000","US","False"
"245","f637e926","2021-06-01T00:00:00.000","US","False"
"246","102ed3af","2020-04-17T00:00:00.000","US","False"
"247","ff1e12a7","2021-12-28T00:00:00.000","International","False"
"248","1db2fbbb","2021-10-12T00:00:00.000","International","False"
"249","25b120bf","2021-07-02T00:00:00.000","US","False"
"250","894ec484","2020-04-27T00:00:00.000","US","False"
"251","15d6e33b","2022-03-20T00:00:00.000","US","False"
"252","7a9c5762","2020-09-17T00:00:00.000","International","False"
"253","70be7077","2022-10-09T00:00:00.000","US","True"
"254","74612595","2021-02-20T00:00:00.000","International","False"
"255","de5c6bcf","2021-08-19T00:00:00.000","US","False"
"256","21501d77","2022-12-21T00:00:00.000","US","True"
"257","be6e3028","2020-09-14T00:00:00.000","International","False"
"258","0ff1a466","2021-04-06T00:00:00.000","International","False"
"259","dbb9f619","2022-10-05T00:00:00.000","US","True"
"260","04ef5fce","2020-04-28T00:00:00.000","US","False"
"261","b2f611d4","2020-11-02T00:00:00.000","US","False"
"262","1c31f61a","2020-08-15T00:00:00.000","US","False"
"263","822502ff","2022-06-15T00:00:00.000","US","True"
"264","1a150f50","2023-04-04T00:00:00.000","International","True"
"265","f0fdc7da","2022-12-21T00:00:00.000","US","True"
"266","45887644","2021-06-03T00:00:00.000","International","False"
"267","a4f1c387","2021-12-31T00:00:00.000","US","False"
"268","addcd4eb","2023-02-15T00:00:00.000","International","True"
"269","067b873b","2022-10-10T00:00:00.000","US","True"
"270","c17715ee","2022-07-23T00:00:00.000","US","True"
"271","737086ce","2021-04-04T00:00:00.000","US","False"
"272","0435df14","2021-02-09T00:00:00.000","US","False"
"273","e758dbc7","2022-09-08T00:00:00.000","International","True"
"274","ace04cf9","2021-10-01T00:00:00.000","US","False"
"275","4a108d3e","2021-09-21T00:00:00.000","US","False"
"276","cc217c53","2020-10-28T00:00:00.000","US","False"
"277","0ed9dd72","2021-11-10T00:00:00.000","US","False"
"278","9803aa37","2022-07-30T00:00:00.000","US","True"
"279","6c9d82e3","2021-11-26T00:00:00.000","US","False"
"280","e92d3e10","2022-03-06T00:00:00.000","US","False"
"281","addb7577","2021-06-28T00:00:00.000","US","False"
"282","7717a121","2021-09-03T00:00:00.000","International","False"
"283","8a4b5dfd","2021-01-29T00:00:00.000","International","False"
"284","2ab52929","2021-02-10T00:00:00.000","International","False"
"285","f9d8753f","2020-07-18T00:00:00.000","US","False"
"286","de6fdb6a","2023-01-16T00:00:00.000","US","True"
"287","4f1a270b","2021-06-12T00:00:00.000","US","False"
"288","ee6fe1f8","2023-01-20T00:00:00.000","US","True"
"289","a52282be","2021-08-25T00:00:00.000","International","False"
"290","bacdba38","2020-06-09T00:00:00.000","US","False"
"291","25eb80de","2021-01-01T00:00:00.000","US","False"
"292","32289199","2020-05-01T00:00:00.000","US","False"
"293","6a50310c","2020-10-11T00:00:00.000","International","False"
"294","0fb42b15","2021-11-05T00:00:00.000","US","False"
"295","4505fec2","2020-11-12T00:00:00.000","US","False"
"296","9858de16","2020-05-04T00:00:00.000","US","False"
"297","e427b183","2021-04-02T00:00:00.000","US","False"
"298","4f9787c1","2022-05-30T00:00:00.000","US","True"
"299","031bd38e","2022-06-04T00:00:00.000","International","True"
"300","1bccc523","2021-04-06T00:00:00.000","US","False"
"301","5f44b99a","2021-04-27T00:00:00.000","US","False"
"302","10fdb4c1","2020-12-23T00:00:00.000","International","False"
"303","f21aed8c","2022-08-30T00:00:00.000","International","True"
"304","fa6ecead","2021-02-07T00:00:00.000","US","False"
"305","b5be9a50","2020-06-29T00:00:00.000","International","False"
"306","5ace366c","2021-01-19T00:00:00.000","US","False"
"307","c00a7aa4","2020-07-08T00:00:00.000","US","False"
"308","666337a1","2022-04-24T00:00:00.000","International","True"
"309","7b1b67cd","2022-07-28T00:00:00.000","International","True"
"310","d6abbc15","2020-07-19T00:00:00.000","US","False"
"311","68dc4de0","2023-01-10T00:00:00.000","US","True"
"312","6068a2c4","2022-03-26T00:00:00.000","US","False"
"313","c35c683a","2020-05-25T00:00:00.000","International","False"
"314","c78f3c49","2022-10-20T00:00:00.000","US","True"
"315","7fbf7ccb","2023-01-12T00:00:00.000","International","True"
"316","5e629c28","2022-07-23T00:00:00.000","International","True"
"317","5de8f161","2021-07-12T00:00:00.000","International","False"
"318","cc7af4ca","2022-05-10T00:00:00.000","US","True"
"319","a1bb4825","2022-09-01T00:00:00.000","US","True"
"320","8ba006df","2021-08-15T00:00:00.000","US","False"
"321","3d118922","2021-06-10T00:00:00.000","US","False"
"322","76ddfe7e","2022-06-23T00:00:00.000","International","True"
"323","84d79195","2020-08-17T00:00:00.000","US","False"
"324","29354368","2021-04-12T00:00:00.000","US","False"
"325","1baaba46","2022-12-07T00:00:00.000","US","True"
"326","5e9f89d2","2022-10-08T00:00:00.000","US","True"
"327","5e44081d","2020-10-17T00:00:00.000","US","False"
"328","82a2f88a","2022-01-14T00:00:00.000","US","False"
"329","e6b56632","2020-08-04T00:00:00.000","US","False"
"330","afddc00d","2020-04-12T00:00:00.000","US","False"
"331","32a72e2e","2021-03-13T00:00:00.000","US","False"
"332","2a829650","2021-03-16T00:00:00.000","US","False"
"333","c9f46250","2020-10-18T00:00:00.000","US","False"
"334","77224326","2022-09-13T00:00:00.000","US","True"
"335","e1125475","2022-08-04T00:00:00.000","US","True"
"336","2d3c7604","2023-01-21T00:00:00.000","International","True"
"337","2ee5234c","2022-12-07T00:00:00.000","International","True"
"338","7cfcacc4","2022-05-18T00:00:00.000","US","True"
"339","ec779994","2021-02-26T00:00:00.000","US","False"
"340","2e7fe383","2021-06-29T00:00:00.000","US","False"
"341","831bb9e3","2021-09-19T00:00:00.000","International","False"
"342","cfc71756","2022-02-01T00:00:00.000","International","False"
"343","dee0c9c2","2021-04-16T00:00:00.000","US","False"
"344","9eff8bc0","2022-12-30T00:00:00.000","US","True"
"345","7103f633","2020-05-07T00:00:00.000","US","False"
"346","0245e748","2021-04-06T00:00:00.000","US","False"
"347","9189bef3","2022-03-04T00:00:00.000","International","False"
"348","0964b8bc","2022-03-11T00:00:00.000","US","False"
"349","c30c163f","2021-12-09T00:00:00.000","US","False"
"350","1d1f5e45","2023-02-12T00:00:00.000","International","True"
"351","a9b7df0d","2021-02-10T00:00:00.000","International","False"
"352","cf09819b","2021-06-03T00:00:00.000","US","False"
"353","a562166d","2021-10-22T00:00:00.000","US","False"
"354","de767577","2021-02-01T00:00:00.000","International","False"
"355","48ebac8b","2023-01-06T00:00:00.000","International","True"
"356","8b9afb0d","2021-09-22T00:00:00.000","US","False"
"357","47867386","2022-11-21T00:00:00.000","US","True"
"358","76f6166f","2022-11-06T00:00:00.000","US","True"
"359","a2f3e505","2020-07-01T00:00:00.000","US","False"
"360","9463a1d3","2023-01-30T00:00:00.000","US","True"
"361","7a6b29df","2021-11-05T00:00:00.000","International","False"
"362","4bdf38a5","2021-05-10T00:00:00.000","US","False"
"363","05618589","2020-05-30T00:00:00.000","US","False"
"364","2c996fd9","2022-10-15T00:00:00.000","US","True"
"365","836d3b43","2022-04-20T00:00:00.000","US","True"
"366","eb15f4bc","2021-06-04T00:00:00.000","US","False"
"367","4d894aae","2021-04-22T00:00:00.000","US","False"
"368","dee59e32","2020-12-22T00:00:00.000","International","False"
"369","bfca4dad","2021-04-22T00:00:00.000","International","False"
"370","2113a362","2022-01-08T00:00:00.000","US","False"
"371","f2656511","2022-08-17T00:00:00.000","US","True"
"372","9bc7627a","2021-05-10T00:00:00.000","US","False"
"373","62854594","2022-10-23T00:00:00.000","International","True"
"374","28ad3859","2021-11-27T00:00:00.000","International","False"
"375","2b6b7884","2021-09-15T00:00:00.000","US","False"
"376","f92476f4","2020-09-19T00:00:00.000","US","False"
"377","d7b17386","2023-01-19T00:00:00.000","US","True"
"378","bd0b6480","2022-10-03T00:00:00.000","International","True"
"379","0059f120","2020-06-15T00:00:00.000","International","False"
"380","81540a7f","2023-02-23T00:00:00.000","US","True"
"381","e3e7a632","2022-03-18T00:00:00.000","US","False"
"382","b72eef67","2022-12-18T00:00:00.000","US","True"
"383","e3b117aa","2023-01-23T00:00:00.000","US","True"
"384","92743213","2020-07-02T00:00:00.000","US","False"
"385","3bd230de","2022-02-07T00:00:00.000","International","False"
"386","92945a04","2022-06-18T00:00:00.000","US","True"
"387","94855188","2020-05-04T00:00:00.000","US","False"
"388","92d33943","2020-08-04T00:00:00.000","International","False"
"389","9dc28e89","2020-06-06T00:00:00.000","US","False"
"390","5219e330","2022-11-26T00:00:00.000","US","True"
"391","41e93b76","2022-07-26T00:00:00.000","US","True"
"392","a7128ace","2022-08-27T00:00:00.000","US","True"
"393","c7a2e2e9","2020-10-30T00:00:00.000","US","False"
"394","5197a3d9","2022-10-20T00:00:00.000","US","True"
"395","8b9e91fd","2023-03-15T00:00:00.000","US","True"
"396","e0fe8c8e","2020-04-24T00:00:00.000","US","False"
"397","ded03e44","2023-03-05T00:00:00.000","US","True"
"398","7e5b03ae","2021-12-22T00:00:00.000","International","False"
"399","730722a5","2022-09-13T00:00:00.000","International","True"
"400","5c3705db","2021-04-21T00:00:00.000","US","False"
"401","3059dc49","2021-05-02T00:00:00.000","US","False"
"402","081a87c8","2023-02-08T00:00:00.000","International","True"
"403","04362aad","2022-09-11T00:00:00.000","International","True"
"404","f7b8eb82","2023-03-20T00:00:00.000","US","True"
"405","5653a090","2021-07-18T00:00:00.000","US","False"
"406","5a63aa3e","2021-10-04T00:00:00.000","International","False"
"407","aaa334dd","2021-08-07T00:00:00.000","US","False"
"408","b3ca16b6","2021-08-06T00:00:00.000","US","False"
"409","e002e9ef","2023-02-21T00:00:00.000","International","True"
"410","66d5a744","2020-09-10T00:00:00.000","US","False"
"411","7f36f0b4","2021-09-15T00:00:00.000","US","False"
"412","aa6450e8","2023-04-02T00:00:00.000","US","True"
"413","6c614fad","2021-12-27T00:00:00.000","US","False"
"414","c0393b03","2020-04-19T00:00:00.000","US","False"
"415","404eebe8","2022-07-18T00:00:00.000","US","True"
"416","e69886a2","2022-06-21T00:00:00.000","US","True"
"417","839300ba","2022-09-28T00:00:00.000","International","True"
"418","9a304382","2020-05-12T00:00:00.000","US","False"
"419","3725292f","2022-12-04T00:00:00.000","US","True"
"420","9df4df49","2021-10-24T00:00:00.000","US","False"
"421","65f20214","2022-03-03T00:00:00.000","US","False"
"422","91f6a263","2021-05-13T00:00:00.000","US","False"
"423","3f4bb7c5","2020-10-21T00:00:00.000","International","False"
"424","dc8e255e","2020-12-29T00:00:00.000","US","False"
"425","a107b3c6","2021-11-04T00:00:00.000","US","False"
"426","4b8fe277","2021-11-02T00:00:00.000","US","False"
"427","a5a2a0a2","2022-12-02T00:00:00.000","US","True"
"428","0fab4b4a","2023-02-05T00:00:00.000","US","True"
"429","8906b029","2020-06-23T00:00:00.000","International","False"
"430","8461e9e7","2021-07-19T00:00:00.000","International","False"
"431","68dacea0","2021-06-20T00:00:00.000","US","False"
"432","c12476e8","2022-07-24T00:00:00.000","US","True"
"433","28dd06c2","2020-12-07T00:00:00.000","US","False"
"434","9b6eed7e","2022-07-11T00:00:00.000","US","True"
"435","0f4fbcd8","2022-10-07T00:00:00.000","International","True"
"436","dc776e5d","2022-04-06T00:00:00.000","US","False"
"437","0e838ad0","2021-10-19T00:00:00.000","International","False"
"438","e320778c","2021-11-13T00:00:00.000","International","False"
"439","a7aa293e","2021-04-29T00:00:00.000","US","False"
"440","38cc94c7","2021-09-28T00:00:00.000","US","False"
"441","f8083501","2021-07-10T00:00:00.000","US","False"
"442","9320e8ee","2022-05-26T00:00:00.000","US","True"
"443","97d34227","2020-05-10T00:00:00.000","International","False"
"444","cb25bd66","2022-10-07T00:00:00.000","International","True"
"445","3e2819d9","2021-06-04T00:00:00.000","US","False"
"446","b1bc523e","2021-08-19T00:00:00.000","International","False"
"447","7c33d418","2023-01-07T00:00:00.000","US","True"
"448","c9b41434","2021-02-23T00:00:00.000","International","False"
"449","7c88f3ff","2020-07-04T00:00:00.000","US","False"
"450","e41aeb26","2020-06-30T00:00:00.000","US","False"
"451","51758e97","2021-05-07T00:00:00.000","US","False"
"452","7d9fd413","2023-01-27T00:00:00.000","US","True"
"453","35a9cd0f","2022-01-25T00:00:00.000","US","False"
"454","493d50cd","2020-05-31T00:00:00.000","US","False"
"455","0b1f1c8e","2022-05-08T00:00:00.000","International","True"
"456","2d737f35","2021-01-03T00:00:00.000","US","False"
"457","8ab3a896","2021-04-18T00:00:00.000","US","False"
"458","097595cb","2021-06-07T00:00:00.000","US","False"
"459","0f5661ec","2021-11-01T00:00:00.000","International","False"
"460","9a57f017","2021-04-15T00:00:00.000","US","False"
"461","2decb861","2021-08-02T00:00:00.000","International","False"
"462","05a02249","2020-06-04T00:00:00.000","US","False"
"463","a6ff96af","2023-01-02T00:00:00.000","US","True"
"464","383d1a21","2022-04-28T00:00:00.000","US","True"
"465","60578f4c","2023-03-05T00:00:00.000","International","True"
"466","ddf3e7bd","2020-08-31T00:00:00.000","US","False"
"467","9932fa56","2020-07-09T00:00:00.000","International","False"
"468","95621310","2020-05-14T00:00:00.000","International","False"
"469","d81a3513","2021-07-30T00:00:00.000","US","False"
"470","9939ccb9","2022-10-15T00:00:00.000","US","True"
"471","6dea0356","2020-06-09T00:00:00.000","US","False"
"472","fcea9571","2022-09-18T00:00:00.000","US","True"
"473","4f295fdb","2021-03-03T00:00:00.000","US","False"
"474","7d8024e3","2021-02-20T00:00:00.000","US","False"
"475","a8ad0014","2021-02-21T00:00:00.000","US","False"
"476","5d39ae32","2022-09-18T00:00:00.000","US","True"
"477","3b65495b","2023-02-19T00:00:00.000","International","True"
"478","cc552e84","2023-01-05T00:00:00.000","International","True"
"479","c685a11c","2020-09-04T00:00:00.000","US","False"
"480","da26d7ff","2022-08-25T00:00:00.000","US","True"
"481","b11f99c6","2021-12-31T00:00:00.000","US","False"
"482","772bf242","2022-09-26T00:00:00.000","International","True"
"483","4e3182d9","2020-07-18T00:00:00.000","US","False"
"484","58668046","2020-08-17T00:00:00.000","International","False"
"485","1930461d","2022-06-23T00:00:00.000","US","True"
"486","2aa64a50","2021-02-13T00:00:00.000","US","False"
"487","eadc8c82","2020-06-30T00:00:00.000","US","False"
"488","c0402252","2022-02-21T00:00:00.000","US","False"
"489","0d79b27f","2023-01-26T00:00:00.000","US","True"
"490","fdb652a0","2023-03-05T00:00:00.000","US","True"
"491","b1e092b0","2022-11-11T00:00:00.000","US","True"
"492","74ce7ff7","2021-04-09T00:00:00.000","US","False"
"493","fe7ca91e","2021-08-15T00:00:00.000","US","False"
"494","9418a92d","2023-01-19T00:00:00.000","US","True"
"495","4fe0a3b2","2021-05-24T00:00:00.000","International","False"
"496","fb3204b1","2021-07-09T00:00:00.000","US","False"
"497","567df059","2020-11-18T00:00:00.000","International","False"
"498","29b2ba17","2022-09-25T00:00:00.000","International","True"
"499","822b9c41","2022-07-13T00:00:00.000","US","True"
"500","27ee2c38","2022-07-06T00:00:00.000","International","True"
"501","87306f08","2020-12-05T00:00:00.000","US","False"
"502","3d89b040","2022-07-06T00:00:00.000","US","True"
"503","eb838968","2021-05-28T00:00:00.000","US","False"
"504","5f8e3096","2022-12-19T00:00:00.000","US","True"
"505","b1c43476","2022-12-09T00:00:00.000","US","True"
"506","11cdfd85","2021-10-17T00:00:00.000","International","False"
"507","3e276a0e","2021-11-26T00:00:00.000","US","False"
"508","b7f4da96","2021-01-08T00:00:00.000","US","False"
"509","da3e2fac","2022-03-13T00:00:00.000","US","False"
"510","5cd6a0ab","2021-12-29T00:00:00.000","International","False"
"511","accb90e4","2022-09-19T00:00:00.000","US","True"
"512","31be9387","2021-07-04T00:00:00.000","US","False"
"513","55c0765e","2021-09-15T00:00:00.000","US","False"
"514","e38bc766","2022-10-20T00:00:00.000","US","True"
"515","dec82fd9","2022-01-29T00:00:00.000","US","False"
"516","7968b3dc","2022-09-05T00:00:00.000","US","True"
"517","3c063ce8","2021-04-22T00:00:00.000","International","False"
"518","00083b52","2020-05-30T00:00:00.000","US","False"
"519","8660425c","2022-03-22T00:00:00.000","US","False"
"520","c9c24f8d","2022-02-14T00:00:00.000","US","False"
"521","d838947d","2022-10-21T00:00:00.000","US","True"
"522","fbc2d8ad","2020-10-24T00:00:00.000","US","False"
"523","664d5a64","2020-12-16T00:00:00.000","International","False"
"524","89b41f83","2023-02-20T00:00:00.000","US","True"
"525","f62a09bd","2023-02-20T00:00:00.000","US","True"
"526","426488cc","2023-01-05T00:00:00.000","International","True"
"527","76527735","2022-03-28T00:00:00.000","US","False"
"528","859b9ca5","2023-01-28T00:00:00.000","US","True"
"529","7fbedfc8","2022-08-07T00:00:00.000","US","True"
"530","d34ebb7a","2021-08-10T00:00:00.000","International","False"
"531","462fcea8","2021-07-09T00:00:00.000","US","False"
"532","c43b8b67","2020-06-30T00:00:00.000","US","False"
"533","7b6a7d54","2022-12-22T00:00:00.000","US","True"
"534","a42bc45a","2022-01-22T00:00:00.000","US","False"
"535","1c49ed6b","2022-02-20T00:00:00.000","US","False"
"536","e9028799","2021-01-17T00:00:00.000","International","False"
"537","8bcbec66","2023-03-30T00:00:00.000","International","True"
"538","78766f65","2023-01-12T00:00:00.000","US","True"
"539","89b60a6d","2021-04-25T00:00:00.000","US","False"
"540","05ee7e7f","2022-03-25T00:00:00.000","US","False"
"541","78134626","2020-06-10T00:00:00.000","US","False"
"542","3dae4892","2021-06-26T00:00:00.000","US","False"
"543","fb035c23","2021-09-18T00:00:00.000","International","False"
"544","9678ae27","2020-09-27T00:00:00.000","US","False"
"545","0b4f1f31","2021-12-19T00:00:00.000","US","False"
"546","e6e67096","2020-04-19T00:00:00.000","US","False"
"547","7f1fdb88","2022-08-04T00:00:00.000","US","True"
"548","aca46715","2020-06-09T00:00:00.000","International","False"
"549","98217bca","2022-08-21T00:00:00.000","US","True"
"550","57e4d7b0","2022-03-09T00:00:00.000","US","False"
"551","7d6aa35e","2022-08-04T00:00:00.000","International","True"
"552","30434cf4","2020-11-10T00:00:00.000","US","False"
"553","7737bb98","2021-12-21T00:00:00.000","US","False"
"554","7f215413","2021-10-07T00:00:00.000","US","False"
"555","db20e824","2020-06-13T00:00:00.000","International","False"
"556","e929638e","2021-12-20T00:00:00.000","International","False"
"557","610599b0","2021-08-22T00:00:00.000","International","False"
"558","d3795ce7","2020-10-23T00:00:00.000","US","False"
"559","7065b6c9","2020-06-19T00:00:00.000","US","False"
"560","dff4c1cc","2020-12-22T00:00:00.000","US","False"
"561","6bb1c525","2022-06-18T00:00:00.000","International","True"
"562","d1eea03e","2020-07-22T00:00:00.000","International","False"
"563","bd99160b","2022-01-13T00:00:00.000","International","False"
"564","727846f2","2022-03-29T00:00:00.000","US","False"
"565","38cfee16","2022-08-31T00:00:00.000","US","True"
"566","a6308186","2021-05-31T00:00:00.000","US","False"
"567","97defd87","2022-09-01T00:00:00.000","US","True"
"568","413616b7","2020-10-06T00:00:00.000","US","False"
"569","39a524dd","2023-02-09T00:00:00.000","International","True"
"570","d63cc678","2020-10-15T00:00:00.000","US","False"
"571","dd72c9fe","2023-02-07T00:00:00.000","US","True"
"572","ef237677","2023-03-27T00:00:00.000","US","True"
"573","39416982","2023-02-26T00:00:00.000","International","True"
"574","68572c4c","2021-10-03T00:00:00.000","US","False"
"575","bc92bbbf","2021-09-27T00:00:00.000","International","False"
"576","fccc9b56","2021-08-16T00:00:00.000","US","False"
"577","b98ea066","2022-03-10T00:00:00.000","US","False"
"578","1a5b0b49","2020-07-29T00:00:00.000","US","False"
"579","e279331b","2022-03-21T00:00:00.000","US","False"
"580","fbbe582b","2023-02-21T00:00:00.000","US","True"
"581","b3d3b3a5","2021-02-12T00:00:00.000","US","False"
"582","39c981d7","2022-05-11T00:00:00.000","International","True"
"583","846fc52a","2022-10-02T00:00:00.000","International","True"
"584","4d7c4759","2020-08-14T00:00:00.000","International","False"
"585","20531d80","2022-01-12T00:00:00.000","US","False"
"586","f710ae6d","2022-03-04T00:00:00.000","International","False"
"587","242a89ee","2020-04-25T00:00:00.000","US","False"
"588","64f29f8b","2020-07-01T00:00:00.000","US","False"
"589","e9869803","2021-10-02T00:00:00.000","US","False"
"590","091bcb48","2021-11-03T00:00:00.000","US","False"
"591","eb12adb3","2020-07-18T00:00:00.000","International","False"
"592","a6cf39fb","2021-09-12T00:00:00.000","US","False"
"593","68ac7e67","2021-08-01T00:00:00.000","US","False"
"594","b665164f","2020-04-23T00:00:00.000","US","False"
"595","7113516f","2020-08-25T00:00:00.000","US","False"
"596","2a80b9d9","2022-05-18T00:00:00.000","US","True"
"597","05e38310","2021-10-17T00:00:00.000","International","False"
"598","2f3b3798","2020-07-17T00:00:00.000","US","False"
"599","4930f7d8","2021-02-24T00:00:00.000","US","False"
"600","87ee70ed","2021-01-22T00:00:00.000","International","False"
"601","71bf62d3","2021-02-26T00:00:00.000","US","False"
"602","cc7b1dca","2020-09-21T00:00:00.000","US","False"
"603","6a2ad4d0","2022-12-10T00:00:00.000","US","True"
"604","fc87e1c5","2022-05-27T00:00:00.000","US","True"
"605","81081df1","2022-07-20T00:00:00.000","US","True"
"606","1eb33368","2020-09-07T00:00:00.000","US","False"
"607","f94b99b3","2021-09-09T00:00:00.000","US","False"
"608","fe1b77a1","2021-05-12T00:00:00.000","US","False"
"609","d9fd560f","2021-08-11T00:00:00.000","International","False"
"610","bb71d297","2021-05-26T00:00:00.000","US","False"
"611","1987c711","2020-12-19T00:00:00.000","US","False"
"612","71f34059","2022-06-15T00:00:00.000","US","True"
"613","bfd4e81b","2022-12-28T00:00:00.000","International","True"
"614","fea0b36c","2022-04-28T00:00:00.000","US","True"
"615","8917dd99","2022-01-06T00:00:00.000","US","False"
"616","df2b61f9","2022-08-05T00:00:00.000","US","True"
"617","10296ba0","2022-05-31T00:00:00.000","US","True"
"618","981a2b38","2022-07-10T00:00:00.000","US","True"
"619","835ce1c3","2020-05-03T00:00:00.000","International","False"
"620","7b6009b7","2022-11-21T00:00:00.000","US","True"
"621","dc9ea9db","2020-10-15T00:00:00.000","US","False"
"622","9ab79367","2021-07-19T00:00:00.000","US","False"
"623","3b252c81","2022-11-16T00:00:00.000","US","True"
"624","e57dc5a7","2021-02-07T00:00:00.000","US","False"
"625","33bc9eaf","2021-04-27T00:00:00.000","US","False"
"626","3aafa161","2020-06-15T00:00:00.000","US","False"
"627","b9839ee5","2022-03-12T00:00:00.000","International","False"
"628","bc2518f0","2020-10-08T00:00:00.000","US","False"
"629","a615b4f6","2021-02-06T00:00:00.000","US","False"
"630","5738aaa4","2022-09-25T00:00:00.000","US","True"
"631","63197301","2020-08-13T00:00:00.000","US","False"
"632","d4fdc435","2022-12-24T00:00:00.000","US","True"
"633","c5cdacc5","2021-02-21T00:00:00.000","US","False"
"634","2af4c008","2021-10-15T00:00:00.000","US","False"
"635","33f3411d","2022-07-24T00:00:00.000","US","True"
"636","c1fa7efa","2021-03-30T00:00:00.000","International","False"
"637","09a977e8","2020-04-11T00:00:00.000","US","False"
"638","4e6f30fe","2021-06-16T00:00:00.000","US","False"
"639","d3996ce3","2021-07-31T00:00:00.000","US","False"
"640","3a608720","2020-09-20T00:00:00.000","US","False"
"641","a77b936e","2021-07-01T00:00:00.000","International","False"
"642","5b4bd58c","2021-12-04T00:00:00.000","US","False"
"643","938b99eb","2020-06-10T00:00:00.000","International","False"
"644","6d4e84e4","2022-06-27T00:00:00.000","US","True"
"645","680ec5de","2021-05-07T00:00:00.000","US","False"
"646","30b0e784","2021-02-01T00:00:00.000","US","False"
"647","57292682","2021-10-01T00:00:00.000","US","False"
"648","db07b39d","2023-01-31T00:00:00.000","US","True"
"649","f58728bc","2021-04-15T00:00:00.000","US","False"
"650","8b37900b","2023-02-14T00:00:00.000","International","True"
"651","b3e142dc","2021-04-13T00:00:00.000","US","False"
"652","8b5a2ec2","2022-08-30T00:00:00.000","International","True"
"653","01eca119","2021-10-24T00:00:00.000","US","False"
"654","b8d43a14","2022-06-29T00:00:00.000","US","True"
"655","0093bbe6","2023-04-06T00:00:00.000","US","True"
"656","4952de0a","2021-11-13T00:00:00.000","US","False"
"657","a15dabf3","2022-12-14T00:00:00.000","US","True"
"658","289db2a6","2020-11-20T00:00:00.000","US","False"
"659","6857cd0a","2023-01-10T00:00:00.000","US","True"
"660","179a7a5c","2021-12-30T00:00:00.000","US","False"
"661","1a5f33c2","2021-01-14T00:00:00.000","US","False"
"662","7c783387","2020-12-06T00:00:00.000","International","False"
"663","eb43446d","2021-08-25T00:00:00.000","US","False"
"664","4900f2b2","2021-02-27T00:00:00.000","US","False"
"665","45738b6a","2020-12-05T00:00:00.000","International","False"
"666","2960c9b2","2021-07-24T00:00:00.000","International","False"
"667","a324b09c","2021-10-18T00:00:00.000","International","False"
"668","c6afdb11","2021-01-22T00:00:00.000","US","False"
"669","91f043cf","2022-01-23T00:00:00.000","US","False"
"670","8e39c79a","2021-12-31T00:00:00.000","US","False"
"671","71b1695b","2020-12-08T00:00:00.000","US","False"
"672","7418463f","2022-12-04T00:00:00.000","US","True"
"673","58e4f087","2022-09-02T00:00:00.000","International","True"
"674","159be831","2020-08-28T00:00:00.000","International","False"
"675","d0a60105","2022-11-17T00:00:00.000","International","True"
"676","95a61cdc","2022-04-21T00:00:00.000","US","True"
"677","7bbc71ad","2021-10-22T00:00:00.000","International","False"
"678","c3bc21ab","2022-01-15T00:00:00.000","US","False"
"679","aaa5567d","2021-03-03T00:00:00.000","US","False"
"680","a4a42a44","2023-04-07T00:00:00.000","US","True"
"681","989b3749","2022-12-01T00:00:00.000","US","True"
"682","73926b50","2022-06-29T00:00:00.000","US","True"
"683","0ea39968","2020-08-23T00:00:00.000","International","False"
"684","79f2f920","2020-12-25T00:00:00.000","US","False"
"685","fd7d6a0c","2020-08-01T00:00:00.000","International","False"
"686","b618ce49","2023-02-12T00:00:00.000","International","True"
"687","3dfe49da","2021-05-06T00:00:00.000","International","False"
"688","6f1d3e6c","2021-06-28T00:00:00.000","US","False"
"689","de9f5c0c","2022-09-13T00:00:00.000","US","True"
"690","341e8f98","2023-02-03T00:00:00.000","US","True"
"691","b50840a0","2021-08-20T00:00:00.000","US","False"
"692","ec30ebf4","2022-11-09T00:00:00.000","US","True"
"693","d815f2e4","2023-01-11T00:00:00.000","International","True"
"694","518a4835","2020-09-16T00:00:00.000","US","False"
"695","4b2b249b","2020-12-10T00:00:00.000","US","False"
"696","265f03c6","2022-07-12T00:00:00.000","US","True"
"697","9a620afb","2020-09-18T00:00:00.000","US","False"
"698","a7ae3a89","2021-01-17T00:00:00.000","US","False"
"699","22025388","2022-04-19T00:00:00.000","US","True"
"700","5a7ee02c","2022-11-26T00:00:00.000","International","True"
"701","416c52fc","2020-12-07T00:00:00.000","US","False"
"702","f8612e1d","2020-06-16T00:00:00.000","US","False"
"703","3f0f685a","2022-11-15T00:00:00.000","US","True"
"704","872a764d","2020-11-29T00:00:00.000","US","False"
"705","a705a9e0","2021-09-01T00:00:00.000","US","False"
"706","35410449","2020-04-15T00:00:00.000","International","False"
"707","52a28a23","2020-08-23T00:00:00.000","US","False"
"708","ea905ed9","2022-02-28T00:00:00.000","US","False"
"709","380675ba","2022-03-24T00:00:00.000","International","False"
"710","2b91981e","2020-11-19T00:00:00.000","US","False"
"711","a8348db3","2021-07-23T00:00:00.000","US","False"
"712","8781c652","2021-07-24T00:00:00.000","US","False"
"713","eb87176f","2023-03-17T00:00:00.000","US","True"
"714","0ec23063","2022-07-28T00:00:00.000","US","True"
"715","a1fc6eb9","2022-10-06T00:00:00.000","US","True"
"716","2865909b","2020-05-15T00:00:00.000","US","False"
"717","8d326b2c","2021-04-05T00:00:00.000","International","False"
"718","b15e2a6d","2021-10-02T00:00:00.000","US","False"
"719","a5bbb62f","2020-06-06T00:00:00.000","US","False"
"720","be7269ee","2022-07-19T00:00:00.000","US","True"
"721","70e79546","2021-10-15T00:00:00.000","US","False"
"722","1d940bd4","2022-01-09T00:00:00.000","US","False"
"723","c9638b9b","2020-07-03T00:00:00.000","US","False"
"724","43a3ae62","2022-02-17T00:00:00.000","International","False"
"725","20fc9f8a","2022-12-06T00:00:00.000","US","True"
"726","c4535319","2020-11-14T00:00:00.000","US","False"
"727","25b1829a","2021-07-21T00:00:00.000","US","False"
"728","cf25cac0","2022-08-05T00:00:00.000","US","True"
"729","03750338","2023-01-24T00:00:00.000","US","True"
"730","5116b94f","2021-10-14T00:00:00.000","International","False"
"731","d9db4cb4","2023-01-05T00:00:00.000","US","True"
"732","c7caae74","2021-08-15T00:00:00.000","US","False"
"733","a92042d8","2021-01-19T00:00:00.000","US","False"
"734","26bbbf4a","2022-11-09T00:00:00.000","International","True"
"735","0df3b65b","2022-07-25T00:00:00.000","US","True"
"736","a970c61e","2021-02-17T00:00:00.000","US","False"
"737","7336e9e1","2021-02-16T00:00:00.000","International","False"
"738","e8bb5f46","2020-07-12T00:00:00.000","US","False"
"739","1b0fe4d2","2022-05-03T00:00:00.000","US","True"
"740","36b342dd","2021-08-24T00:00:00.000","International","False"
"741","8dd8ea7d","2021-02-19T00:00:00.000","US","False"
"742","28b4baa4","2022-12-15T00:00:00.000","US","True"
"743","eae7f8cf","2022-06-20T00:00:00.000","International","True"
"744","d468949c","2022-07-20T00:00:00.000","US","True"
"745","65c57e77","2021-08-02T00:00:00.000","US","False"
"746","97ea8729","2021-01-30T00:00:00.000","International","False"
"747","9e520607","2020-10-23T00:00:00.000","International","False"
"748","5ca3f678","2021-08-21T00:00:00.000","US","False"
"749","1ffb3d06","2022-07-17T00:00:00.000","US","True"
"750","67789e2f","2021-10-24T00:00:00.000","International","False"
"751","c460f281","2021-12-11T00:00:00.000","US","False"
"752","db18d2a9","2023-02-06T00:00:00.000","US","True"
"753","523d8338","2022-04-20T00:00:00.000","US","True"
"754","20e9f6b7","2021-03-19T00:00:00.000","International","False"
"755","769b8e9b","2022-01-27T00:00:00.000","International","False"
"756","db14845f","2023-02-28T00:00:00.000","US","True"
"757","711c367e","2020-10-17T00:00:00.000","US","False"
"758","424136e1","2022-11-21T00:00:00.000","US","True"
"759","52da3e2e","2023-01-14T00:00:00.000","US","True"
"760","a5b17ea5","2022-02-12T00:00:00.000","International","False"
"761","b52df285","2022-04-12T00:00:00.000","International","True"
"762","c0c04b6e","2021-07-31T00:00:00.000","International","False"
"763","91f54450","2020-12-11T00:00:00.000","International","False"
"764","4511334b","2023-03-07T00:00:00.000","US","True"
"765","8f9be1e6","2021-07-16T00:00:00.000","US","False"
"766","be6157ef","2021-12-30T00:00:00.000","US","False"
"767","83a2afba","2022-04-06T00:00:00.000","International","False"
"768","e85d21e3","2022-01-02T00:00:00.000","International","False"
"769","3d08cb52","2022-05-04T00:00:00.000","US","True"
"770","1332c5d7","2020-10-27T00:00:00.000","US","False"
"771","b8aada8c","2021-05-04T00:00:00.000","US","False"
"772","707be2f6","2020-12-17T00:00:00.000","US","False"
"773","3514d26d","2022-01-31T00:00:00.000","US","False"
"774","61072693","2022-08-04T00:00:00.000","US","True"
"775","8de17673","2020-07-31T00:00:00.000","US","False"
"776","7bab2f35","2022-05-11T00:00:00.000","US","True"
"777","5be447ea","2021-08-27T00:00:00.000","US","False"
"778","7fce2991","2022-09-13T00:00:00.000","US","True"
"779","818b9d0d","2022-11-18T00:00:00.000","International","True"
"780","0db1e66c","2022-01-17T00:00:00.000","US","False"
"781","844e39f9","2020-04-25T00:00:00.000","International","False"
"782","67543ca7","2022-06-18T00:00:00.000","US","True"
"783","99108984","2022-08-03T00:00:00.000","US","True"
"784","ddfff033","2020-05-16T00:00:00.000","US","False"
"785","df4ea24e","2021-11-07T00:00:00.000","US","False"
"786","2cb14394","2020-08-05T00:00:00.000","US","False"
"787","f534cc3d","2021-01-07T00:00:00.000","US","False"
"788","3799f376","2021-04-24T00:00:00.000","International","False"
"789","f4772c64","2020-05-24T00:00:00.000","US","False"
"790","159ee1c7","2022-03-13T00:00:00.000","International","False"
"791","dc64a13f","2020-11-23T00:00:00.000","US","False"
"792","e887ba57","2020-05-21T00:00:00.000","US","False"
"793","3fb06c8e","2021-01-09T00:00:00.000","US","False"
"794","1a1ced56","2020-08-26T00:00:00.000","US","False"
"795","b2719925","2021-07-25T00:00:00.000","International","False"
"796","bfb0373a","2022-09-08T00:00:00.000","US","True"
"797","23fdf473","2021-05-27T00:00:00.000","US","False"
"798","624b3dd0","2022-12-27T00:00:00.000","US","True"
"799","ed6a907e","2021-04-15T00:00:00.000","International","False"
"800","7061a2d7","2023-02-23T00:00:00.000","International","True"
"801","1479fecc","2020-08-07T00:00:00.000","US","False"
"802","68eb8e6a","2022-06-03T00:00:00.000","International","True"
"803","31ecf30c","2021-08-28T00:00:00.000","US","False"
"804","c807f804","2022-09-28T00:00:00.000","US","True"
"805","c8bd2fa9","2020-08-21T00:00:00.000","US","False"
"806","695fd6fb","2021-06-05T00:00:00.000","US","False"
"807","0fa1991e","2023-01-13T00:00:00.000","US","True"
"808","9c682bc0","2021-08-08T00:00:00.000","US","False"
"809","f6ef96d8","2022-09-05T00:00:00.000","US","True"
"810","f8d585cf","2022-10-18T00:00:00.000","International","True"
"811","e51562f8","2022-10-14T00:00:00.000","US","True"
"812","8574716e","2022-05-28T00:00:00.000","US","True"
"813","9c931df2","2021-02-07T00:00:00.000","International","False"
"814","2289c9b6","2021-10-17T00:00:00.000","International","False"
"815","289fba59","2022-02-08T00:00:00.000","US","False"
"816","f8123c79","2022-01-29T00:00:00.000","International","False"
"817","953254e5","2022-06-06T00:00:00.000","US","True"
"818","6153cdf5","2022-11-21T00:00:00.000","US","True"
"819","4ed8026d","2021-09-26T00:00:00.000","US","False"
"820","ddc05f98","2020-08-11T00:00:00.000","US","False"
"821","7224639a","2021-08-10T00:00:00.000","US","False"
"822","d1456885","2021-08-06T00:00:00.000","US","False"
"823","1cecabb5","2020-07-28T00:00:00.000","US","False"
"824","d2f23248","2021-11-05T00:00:00.000","International","False"
"825","7c4e5a32","2022-09-02T00:00:00.000","US","True"
"826","876ddf3f","2021-05-03T00:00:00.000","US","False"
"827","e2417c1a","2021-02-11T00:00:00.000","US","False"
"828","c3c27ff1","2021-03-28T00:00:00.000","International","False"
"829","616e80b2","2021-11-22T00:00:00.000","International","False"
"830","685984b5","2020-11-21T00:00:00.000","US","False"
"831","00baeb80","2022-06-26T00:00:00.000","US","True"
"832","8fc56ec6","2023-03-11T00:00:00.000","US","True"
"833","0ca1f67d","2021-09-02T00:00:00.000","US","False"
"834","ffa0aad1","2022-11-29T00:00:00.000","US","True"
"835","6f13a1a5","2022-08-19T00:00:00.000","International","True"
"836","5b0a3639","2021-10-27T00:00:00.000","US","False"
"837","98d2b2e3","2020-09-14T00:00:00.000","US","False"
"838","bcfedc50","2021-04-15T00:00:00.000","US","False"
"839","8ea45948","2020-05-20T00:00:00.000","US","False"
"840","26fe7d96","2022-05-22T00:00:00.000","International","True"
"841","ed3a817b","2022-08-03T00:00:00.000","US","True"
"842","711243e3","2022-02-04T00:00:00.000","US","False"
"843","4587e909","2020-09-27T00:00:00.000","US","False"
"844","45f786db","2022-08-15T00:00:00.000","International","True"
"845","bd4e245a","2021-01-15T00:00:00.000","International","False"
"846","a9a5ddf4","2021-06-15T00:00:00.000","International","False"
"847","79d01b7c","2023-04-09T00:00:00.000","US","True"
"848","fbc46d07","2022-12-08T00:00:00.000","International","True"
"849","d4f06de8","2020-06-02T00:00:00.000","International","False"
"850","83de4ea9","2023-01-27T00:00:00.000","US","True"
"851","6bbe77cb","2020-05-08T00:00:00.000","US","False"
"852","ec8dbccc","2023-04-04T00:00:00.000","International","True"
"853","fc16be9b","2021-07-17T00:00:00.000","US","False"
"854","d6341012","2021-03-06T00:00:00.000","US","False"
"855","ead70128","2020-10-14T00:00:00.000","US","False"
"856","09915cee","2022-09-05T00:00:00.000","US","True"
"857","99768159","2022-08-21T00:00:00.000","US","True"
"858","bac8913a","2021-01-19T00:00:00.000","US","False"
"859","3a3c5be6","2022-02-14T00:00:00.000","International","False"
"860","b324c75f","2020-06-13T00:00:00.000","US","False"
"861","05460619","2022-08-07T00:00:00.000","International","True"
"862","b517f07a","2022-07-05T00:00:00.000","US","True"
"863","e42f92d0","2020-11-03T00:00:00.000","US","False"
"864","a1868042","2023-03-08T00:00:00.000","US","True"
"865","6527f298","2021-12-30T00:00:00.000","US","False"
"866","4b8bba61","2022-11-05T00:00:00.000","US","True"
"867","fbb66887","2020-04-16T00:00:00.000","US","False"
"868","54c21b9e","2022-12-28T00:00:00.000","US","True"
"869","4e80fa15","2020-04-29T00:00:00.000","US","False"
"870","5331c225","2021-07-19T00:00:00.000","US","False"
"871","0a3aafb5","2021-11-20T00:00:00.000","US","False"
"872","e7b388de","2022-11-21T00:00:00.000","International","True"
"873","7e2228d0","2022-11-16T00:00:00.000","US","True"
"874","34c6ab9d","2020-09-01T00:00:00.000","US","False"
"875","5c035700","2022-05-21T00:00:00.000","US","True"
"876","5320dcc8","2023-04-05T00:00:00.000","International","True"
"877","ecac9c5a","2021-05-17T00:00:00.000","US","False"
"878","ef7c906c","2023-02-04T00:00:00.000","US","True"
"879","f359ee86","2020-10-09T00:00:00.000","US","False"
"880","c1bb9f45","2023-01-11T00:00:00.000","US","True"
"881","7fa24591","2022-06-25T00:00:00.000","International","True"
"882","9ea03554","2022-12-18T00:00:00.000","International","True"
"883","6dfc2b0c","2022-09-18T00:00:00.000","International","True"
"884","9490cc28","2021-06-10T00:00:00.000","International","False"
"885","92d39ca0","2021-01-01T00:00:00.000","International","False"
"886","705a0665","2021-10-31T00:00:00.000","US","False"
"887","f34143be","2022-02-03T00:00:00.000","US","False"
"888","515e2262","2020-04-26T00:00:00.000","US","False"
"889","1a0aac75","2021-08-28T00:00:00.000","US","False"
"890","ea83c16d","2021-04-09T00:00:00.000","US","False"
"891","ff56da7b","2022-09-25T00:00:00.000","US","True"
"892","3703d802","2020-09-03T00:00:00.000","US","False"
"893","569358f9","2022-09-11T00:00:00.000","US","True"
"894","25e0ed2c","2022-10-15T00:00:00.000","US","True"
"895","e0dc9be4","2021-06-16T00:00:00.000","US","False"
"896","fc3ae80f","2021-12-14T00:00:00.000","US","False"
"897","5b85a59b","2022-04-18T00:00:00.000","US","True"
"898","8d8cecd2","2022-07-24T00:00:00.000","US","True"
"899","e74d59d4","2021-04-28T00:00:00.000","US","False"
"900","eb5f5fd9","2021-11-12T00:00:00.000","International","False"
"901","d2d635c9","2022-07-07T00:00:00.000","US","True"
"902","c8cd3e0f","2022-12-20T00:00:00.000","US","True"
"903","2dee12cb","2023-03-20T00:00:00.000","US","True"
"904","021c33ea","2020-10-03T00:00:00.000","US","False"
"905","2aa1071c","2021-07-26T00:00:00.000","US","False"
"906","53d4bbfd","2020-09-05T00:00:00.000","US","False"
"907","c32e197a","2021-12-09T00:00:00.000","US","False"
"908","5dfe7045","2021-04-21T00:00:00.000","US","False"
"909","1298eca3","2021-11-05T00:00:00.000","US","False"
"910","6e95661f","2022-07-07T00:00:00.000","US","True"
"911","2f6771d3","2021-04-06T00:00:00.000","International","False"
"912","93af3ed8","2022-11-23T00:00:00.000","International","True"
"913","f4d6c429","2020-05-31T00:00:00.000","US","False"
"914","49e674a0","2021-05-15T00:00:00.000","US","False"
"915","4d9b9c2a","2022-07-11T00:00:00.000","US","True"
"916","3fe97f4f","2020-12-31T00:00:00.000","US","False"
"917","3a0137cf","2021-12-13T00:00:00.000","US","False"
"918","27827ea3","2023-03-09T00:00:00.000","US","True"
"919","b042a595","2023-02-21T00:00:00.000","International","True"
"920","b6e31a6d","2022-10-27T00:00:00.000","International","True"
"921","c6d98a2a","2023-02-19T00:00:00.000","US","True"
"922","dd351a21","2020-09-14T00:00:00.000","US","False"
"923","6a7c6839","2021-10-01T00:00:00.000","US","False"
"924","33fb1514","2020-11-03T00:00:00.000","US","False"
"925","5814eb23","2020-12-03T00:00:00.000","US","False"
"926","b8f1b55f","2021-04-16T00:00:00.000","US","False"
"927","57da4edf","2020-04-23T00:00:00.000","US","False"
"928","94b1cca0","2021-07-18T00:00:00.000","US","False"
"929","f1feb31b","2023-04-10T00:00:00.000","US","True"
"930","83e5a2b9","2021-08-21T00:00:00.000","International","False"
"931","c3662948","2020-08-06T00:00:00.000","US","False"
"932","95fa1c4b","2021-05-01T00:00:00.000","US","False"
"933","d8095f22","2020-11-20T00:00:00.000","US","False"
"934","6c99acc1","2020-11-17T00:00:00.000","International","False"
"935","cbf76253","2021-06-07T00:00:00.000","US","False"
"936","b79a6606","2021-06-10T00:00:00.000","US","False"
"937","991fdd3c","2021-07-05T00:00:00.000","International","False"
"938","d10d7295","2020-10-06T00:00:00.000","US","False"
"939","d228bf30","2021-06-11T00:00:00.000","US","False"
"940","ce33972e","2021-03-14T00:00:00.000","US","False"
"941","f8a710e0","2022-06-15T00:00:00.000","International","True"
"942","a6257e81","2020-09-27T00:00:00.000","International","False"
"943","1933583d","2022-04-13T00:00:00.000","US","True"
"944","6181bb2f","2023-01-16T00:00:00.000","International","True"
"945","221bf65e","2021-08-24T00:00:00.000","US","False"
"946","b37e4917","2022-06-25T00:00:00.000","US","True"
"947","450660cb","2022-05-06T00:00:00.000","International","True"
"948","e66b1c63","2022-09-22T00:00:00.000","International","True"
"949","ff5a7107","2020-12-23T00:00:00.000","US","False"
"950","84c67a14","2021-07-23T00:00:00.000","International","False"
"951","a0b840ca","2022-01-09T00:00:00.000","US","False"
"952","19d13f3c","2020-07-14T00:00:00.000","US","False"
"953","59f6f0fe","2021-08-03T00:00:00.000","US","False"
"954","ec324f0c","2021-03-13T00:00:00.000","International","False"
"955","0e55ce9a","2021-02-09T00:00:00.000","US","False"
"956","2b5a7abc","2021-10-26T00:00:00.000","US","False"
"957","c7d45655","2020-11-19T00:00:00.000","US","False"
"958","6c1b537f","2021-12-13T00:00:00.000","US","False"
"959","5e2c00db","2023-04-05T00:00:00.000","US","True"
"960","21cf770e","2021-10-30T00:00:00.000","US","False"
"961","f0bc0eae","2022-07-26T00:00:00.000","International","True"
"962","1df76950","2023-01-28T00:00:00.000","US","True"
"963","357cb031","2020-11-30T00:00:00.000","International","False"
"964","3970f0f4","2020-08-04T00:00:00.000","US","False"
"965","974c01de","2021-01-21T00:00:00.000","US","False"
"966","d4192304","2022-11-08T00:00:00.000","US","True"
"967","c1a425b8","2022-08-07T00:00:00.000","US","True"
"968","175ffbd7","2022-08-29T00:00:00.000","US","True"
"969","61fa5e5f","2020-05-11T00:00:00.000","US","False"
"970","f9f2f6ba","2020-05-16T00:00:00.000","US","False"
"971","406bbd0a","2020-05-01T00:00:00.000","US","False"
"972","bddc4752","2021-06-04T00:00:00.000","US","False"
"973","fb77a844","2021-06-06T00:00:00.000","US","False"
"974","1d65df07","2022-06-08T00:00:00.000","US","True"
"975","3302524a","2022-06-28T00:00:00.000","US","True"
"976","7e764856","2021-03-03T00:00:00.000","US","False"
"977","4d317710","2022-08-02T00:00:00.000","US","True"
"978","ea6904e1","2021-01-31T00:00:00.000","International","False"
"979","b970669a","2022-04-28T00:00:00.000","International","True"
"980","a46e6f32","2023-03-06T00:00:00.000","US","True"
"981","1273a020","2021-06-16T00:00:00.000","US","False"
"982","c254d042","2022-09-28T00:00:00.000","US","True"
"983","829792b7","2020-06-16T00:00:00.000","International","False"
"984","2543f839","2022-04-07T00:00:00.000","US","False"
"985","59ae41f4","2020-09-28T00:00:00.000","US","False"
"986","2fc04aa9","2022-02-19T00:00:00.000","International","False"
"987","dec4d536","2022-02-17T00:00:00.000","US","False"
"988","2226efd3","2021-06-25T00:00:00.000","US","False"
"989","e3a9f486","2022-06-26T00:00:00.000","US","True"
"990","b780457f","2022-10-05T00:00:00.000","US","True"
"991","bb9c0a27","2021-02-01T00:00:00.000","International","False"
"992","fa0092fc","2023-04-08T00:00:00.000","US","True"
"993","4e671d9a","2022-09-05T00:00:00.000","International","True"
"994","2e5d547c","2023-03-27T00:00:00.000","US","True"
"995","2ed96514","2020-10-16T00:00:00.000","International","False"
"996","f622f2a3","2021-11-16T00:00:00.000","International","False"
"997","dca01f74","2022-09-03T00:00:00.000","US","True"
"998","df7209ce","2021-12-30T00:00:00.000","US","False"
"999","8f20e44b","2020-08-01T00:00:00.000","International","False"
"1000","efb48199","2022-01-09T00:00:00.000","US","False"
"1001","0848d8e9","2022-03-10T00:00:00.000","US","False"
"1002","0f8042f8","2023-03-01T00:00:00.000","US","True"
"1003","27c289aa","2020-05-04T00:00:00.000","US","False"
"1004","6c8af408","2020-07-04T00:00:00.000","US","False"
"1005","91b5afc4","2022-08-31T00:00:00.000","US","True"
"1006","389593fb","2020-10-02T00:00:00.000","International","False"
"1007","71d4a27b","2022-12-23T00:00:00.000","US","True"
"1008","d7a9de38","2020-05-10T00:00:00.000","International","False"
"1009","8769e99d","2022-06-25T00:00:00.000","International","True"
"1010","4ad57288","2020-11-30T00:00:00.000","US","False"
"1011","ef0030d2","2023-03-16T00:00:00.000","US","True"
"1012","b1874836","2023-04-01T00:00:00.000","US","True"
"1013","87c6d789","2022-06-23T00:00:00.000","US","True"
"1014","cef6f872","2023-02-26T00:00:00.000","US","True"
"1015","408d8760","2021-03-24T00:00:00.000","US","False"
"1016","f8265f29","2022-07-14T00:00:00.000","International","True"
"1017","4b0c8e78","2023-02-03T00:00:00.000","US","True"
"1018","47324ec9","2022-02-07T00:00:00.000","US","False"
"1019","004ae5e7","2021-03-17T00:00:00.000","US","False"
"1020","7e278911","2021-12-17T00:00:00.000","International","False"
"1021","e167cf2a","2021-12-13T00:00:00.000","US","False"
"1022","f80fa28c","2022-03-31T00:00:00.000","US","False"
"1023","52fb5cee","2023-02-18T00:00:00.000","US","True"
"1024","db851c63","2020-06-10T00:00:00.000","US","False"
"1025","45889fe5","2020-07-24T00:00:00.000","US","False"
"1026","dc188052","2022-10-06T00:00:00.000","International","True"
"1027","d6e4310c","2021-05-20T00:00:00.000","US","False"
"1028","4e26f05b","2022-10-11T00:00:00.000","US","True"
"1029","bbd126ee","2022-05-02T00:00:00.000","US","True"
"1030","07250ad7","2022-05-28T00:00:00.000","US","True"
"1031","6a07c296","2021-04-29T00:00:00.000","International","False"
"1032","628e63f4","2020-12-31T00:00:00.000","US","False"
"1033","8626235b","2021-06-15T00:00:00.000","International","False"
"1034","6d5b8fdb","2021-06-22T00:00:00.000","US","False"
"1035","575df62f","2020-11-01T00:00:00.000","US","False"
"1036","b13ae679","2022-03-27T00:00:00.000","US","False"
"1037","cd3710ea","2022-02-27T00:00:00.000","US","False"
"1038","7095ba46","2021-11-17T00:00:00.000","US","False"
"1039","1c6e0a9c","2023-02-16T00:00:00.000","US","True"
"1040","1fea065a","2022-03-04T00:00:00.000","US","False"
"1041","5c53be0c","2022-07-15T00:00:00.000","US","True"
"1042","b1078665","2022-02-16T00:00:00.000","US","False"
"1043","cc4b1424","2022-03-04T00:00:00.000","US","False"
"1044","854631bc","2020-08-26T00:00:00.000","International","False"
"1045","df0bb8c4","2023-03-07T00:00:00.000","US","True"
"1046","f67c01bb","2021-06-09T00:00:00.000","International","False"
"1047","9b971cef","2021-09-10T00:00:00.000","US","False"
"1048","164be462","2022-01-20T00:00:00.000","US","False"
"1049","4d5f2877","2023-01-29T00:00:00.000","US","True"
"1050","eb08ce10","2021-12-13T00:00:00.000","US","False"
"1051","07a42d8d","2023-01-07T00:00:00.000","US","True"
"1052","507bcad0","2021-03-11T00:00:00.000","International","False"
"1053","6bcaff61","2020-06-22T00:00:00.000","International","False"
"1054","39251bed","2021-04-17T00:00:00.000","US","False"
"1055","fc894be6","2020-09-19T00:00:00.000","US","False"
"1056","837465ab","2020-06-23T00:00:00.000","US","False"
"1057","f4ad2ddb","2021-06-11T00:00:00.000","International","False"
"1058","37bda79f","2023-04-01T00:00:00.000","US","True"
"1059","b098da6d","2022-01-06T00:00:00.000","International","False"
"1060","fcd1d94c","2021-06-24T00:00:00.000","US","False"
"1061","a076918b","2020-08-23T00:00:00.000","US","False"
"1062","e4e98db3","2020-07-02T00:00:00.000","US","False"
"1063","67df50ee","2020-08-17T00:00:00.000","US","False"
"1064","dc64042e","2020-10-25T00:00:00.000","US","False"
"1065","fe7b5014","2022-02-11T00:00:00.000","US","False"
"1066","5e155845","2021-09-10T00:00:00.000","International","False"
"1067","9b2edebd","2022-03-27T00:00:00.000","US","False"
"1068","3251b6cc","2022-03-21T00:00:00.000","International","False"
"1069","c3820961","2022-06-21T00:00:00.000","US","True"
"1070","916b9b89","2022-06-04T00:00:00.000","US","True"
"1071","87931f3e","2021-08-31T00:00:00.000","US","False"
"1072","526d1686","2021-07-06T00:00:00.000","US","False"
"1073","20c9c5c7","2021-12-13T00:00:00.000","US","False"
"1074","79682886","2021-05-17T00:00:00.000","International","False"
"1075","3823dd6a","2020-12-05T00:00:00.000","International","False"
"1076","c13eb200","2022-05-24T00:00:00.000","International","True"
"1077","58747073","2020-11-07T00:00:00.000","US","False"
"1078","022ffe83","2022-01-20T00:00:00.000","US","False"
"1079","2362cc93","2020-10-14T00:00:00.000","US","False"
"1080","21254244","2022-05-19T00:00:00.000","International","True"
"1081","a4fd15a8","2021-01-25T00:00:00.000","US","False"
"1082","9312ec33","2021-05-15T00:00:00.000","US","False"
"1083","3d450e9d","2023-02-27T00:00:00.000","International","True"
"1084","812df0ed","2022-01-11T00:00:00.000","US","False"
"1085","4d64a839","2022-08-24T00:00:00.000","US","True"
"1086","3ea6e48d","2022-11-04T00:00:00.000","International","True"
"1087","77e8d6d3","2023-03-24T00:00:00.000","US","True"
"1088","01d16c78","2020-11-04T00:00:00.000","International","False"
"1089","ffdc471f","2022-12-07T00:00:00.000","US","True"
"1090","9e491b6e","2021-06-30T00:00:00.000","US","False"
"1091","cae744a5","2021-03-21T00:00:00.000","US","False"
"1092","ff6fab43","2020-07-26T00:00:00.000","US","False"
"1093","79ea9835","2021-01-10T00:00:00.000","US","False"
"1094","5c82b1e6","2020-06-30T00:00:00.000","US","False"
"1095","8ec58de4","2021-08-12T00:00:00.000","US","False"
"1096","2af3a090","2022-02-05T00:00:00.000","US","False"
"1097","3d3b2148","2020-09-30T00:00:00.000","International","False"
"1098","65b53276","2022-11-01T00:00:00.000","International","True"
"1099","e8010cc4","2022-02-02T00:00:00.000","US","False"
"1100","efc9ecf7","2023-03-11T00:00:00.000","US","True"
"1101","f51f5b9f","2022-07-16T00:00:00.000","US","True"
"1102","4b854f06","2021-04-03T00:00:00.000","International","False"
"1103","c86a4326","2022-03-26T00:00:00.000","US","False"
"1104","f6e8fcf3","2020-07-05T00:00:00.000","International","False"
"1105","9df8ea82","2021-05-11T00:00:00.000","US","False"
"1106","0724e639","2023-01-27T00:00:00.000","US","True"
"1107","6f6c39f9","2022-08-07T00:00:00.000","US","True"
"1108","d615c0cb","2021-09-26T00:00:00.000","US","False"
"1109","d65ba74b","2022-09-06T00:00:00.000","US","True"
"1110","52cca0d5","2022-05-02T00:00:00.000","US","True"
"1111","e1086a7d","2021-02-15T00:00:00.000","International","False"
"1112","701e5ead","2020-12-30T00:00:00.000","US","False"
"1113","68c4fb2f","2021-12-29T00:00:00.000","US","False"
"1114","3e39fe26","2022-04-16T00:00:00.000","International","True"
"1115","48d51220","2020-11-20T00:00:00.000","US","False"
"1116","2d993362","2022-11-13T00:00:00.000","US","True"
"1117","f3b550b0","2021-07-16T00:00:00.000","International","False"
"1118","1e153c60","2022-04-28T00:00:00.000","US","True"
"1119","b29839af","2021-06-26T00:00:00.000","International","False"
"1120","4b61004d","2021-12-27T00:00:00.000","International","False"
"1121","1d04ed9b","2020-04-13T00:00:00.000","US","False"
"1122","628408ca","2020-09-25T00:00:00.000","US","False"
"1123","ba3b8e59","2020-12-04T00:00:00.000","US","False"
"1124","31b73316","2022-07-10T00:00:00.000","US","True"
"1125","2e0fc5d6","2022-10-23T00:00:00.000","US","True"
"1126","54d88631","2022-10-21T00:00:00.000","International","True"
"1127","b26ad463","2021-09-18T00:00:00.000","US","False"
"1128","9981f8ee","2022-06-04T00:00:00.000","US","True"
"1129","f87ed27e","2020-12-17T00:00:00.000","International","False"
"1130","e5853aa9","2021-10-01T00:00:00.000","US","False"
"1131","8ad255e4","2022-12-29T00:00:00.000","International","True"
"1132","f5a5a66c","2021-08-03T00:00:00.000","US","False"
"1133","9f146f28","2020-05-04T00:00:00.000","US","False"
"1134","2ae6a351","2022-09-21T00:00:00.000","International","True"
"1135","d1cc4055","2023-01-06T00:00:00.000","International","True"
"1136","a686202b","2021-11-04T00:00:00.000","US","False"
"1137","33d5d6b8","2022-12-22T00:00:00.000","US","True"
"1138","68642bcc","2020-07-25T00:00:00.000","US","False"
"1139","b3f2e3ee","2022-04-03T00:00:00.000","International","False"
"1140","6644c259","2020-04-16T00:00:00.000","US","False"
"1141","5adc7c13","2021-08-09T00:00:00.000","US","False"
"1142","8b53ac85","2022-08-25T00:00:00.000","US","True"
"1143","c281e9b6","2021-08-22T00:00:00.000","US","False"
"1144","81550f9b","2021-09-08T00:00:00.000","US","False"
"1145","8e488b12","2021-06-22T00:00:00.000","US","False"
"1146","47192721","2022-08-31T00:00:00.000","International","True"
"1147","c9d66982","2021-10-02T00:00:00.000","US","False"
"1148","e7ac355e","2022-09-09T00:00:00.000","US","True"
"1149","8d2cacec","2022-01-11T00:00:00.000","US","False"
"1150","438f0084","2022-02-04T00:00:00.000","US","False"
"1151","14759b18","2022-09-18T00:00:00.000","US","True"
"1152","f9b8c363","2020-11-15T00:00:00.000","US","False"
"1153","77f388e2","2020-07-11T00:00:00.000","International","False"
"1154","5c13510d","2021-03-15T00:00:00.000","US","False"
"1155","fdb00311","2021-04-04T00:00:00.000","International","False"
"1156","20a9488e","2023-03-08T00:00:00.000","US","True"
"1157","e63b1be0","2021-09-17T00:00:00.000","International","False"
"1158","c2c4c6b1","2022-09-24T00:00:00.000","US","True"
"1159","5ca773f0","2022-07-12T00:00:00.000","US","True"
"1160","3ddcafef","2021-05-28T00:00:00.000","International","False"
"1161","900a87b5","2020-04-27T00:00:00.000","US","False"
"1162","0e6a6672","2022-05-24T00:00:00.000","US","True"
"1163","8a786bed","2021-08-12T00:00:00.000","US","False"
"1164","dd4d6bc0","2021-04-11T00:00:00.000","US","False"
"1165","71fa82c3","2022-12-25T00:00:00.000","US","True"
"1166","0f807ded","2021-11-02T00:00:00.000","US","False"
"1167","917f81ed","2022-05-26T00:00:00.000","US","True"
"1168","b670d9ff","2021-05-28T00:00:00.000","International","False"
"1169","1d3514be","2022-04-06T00:00:00.000","US","False"
"1170","d7d48dbc","2020-09-25T00:00:00.000","US","False"
"1171","80516fa8","2020-07-12T00:00:00.000","US","False"
"1172","0945bdc4","2022-04-28T00:00:00.000","US","True"
"1173","8fda7a8d","2020-05-05T00:00:00.000","US","False"
"1174","dc257929","2021-07-03T00:00:00.000","US","False"
"1175","bc1d3fa6","2023-03-18T00:00:00.000","International","True"
"1176","c4b8c087","2020-10-27T00:00:00.000","International","False"
"1177","7f491ab5","2022-08-16T00:00:00.000","International","True"
"1178","fd7ef203","2020-10-24T00:00:00.000","US","False"
"1179","6d0c08d7","2020-11-07T00:00:00.000","International","False"
"1180","3a40d078","2023-02-04T00:00:00.000","US","True"
"1181","265aefbf","2021-04-05T00:00:00.000","International","False"
"1182","ff4ff149","2023-02-13T00:00:00.000","US","True"
"1183","db87c27d","2021-12-04T00:00:00.000","US","False"
"1184","57ebb6db","2021-12-03T00:00:00.000","International","False"
"1185","1e07aec2","2023-02-16T00:00:00.000","US","True"
"1186","1c941d1f","2022-04-15T00:00:00.000","US","True"
"1187","ca045f1e","2021-10-08T00:00:00.000","US","False"
"1188","dbc1d5d5","2020-08-08T00:00:00.000","International","False"
"1189","df08dad5","2021-02-05T00:00:00.000","US","False"
"1190","f6dbfeb1","2021-10-27T00:00:00.000","US","False"
"1191","d83ce1bb","2021-03-25T00:00:00.000","International","False"
"1192","f82af60b","2021-09-15T00:00:00.000","US","False"
"1193","bcf0db9d","2020-11-06T00:00:00.000","International","False"
"1194","9e30fb83","2022-10-18T00:00:00.000","International","True"
"1195","7644aaff","2020-11-15T00:00:00.000","International","False"
"1196","ef949f2b","2022-10-31T00:00:00.000","International","True"
"1197","733d1537","2021-08-24T00:00:00.000","US","False"
"1198","e51b8c05","2020-08-27T00:00:00.000","International","False"
"1199","dc12dd9f","2021-02-18T00:00:00.000","International","False"
"1200","27a8c159","2020-07-13T00:00:00.000","US","False"
"1201","51f68435","2021-03-10T00:00:00.000","International","False"
"1202","4bcb6a13","2021-04-09T00:00:00.000","US","False"
"1203","b0e05337","2022-11-28T00:00:00.000","International","True"
"1204","ff4004b6","2022-05-28T00:00:00.000","International","True"
"1205","4e9dd59a","2022-01-15T00:00:00.000","US","False"
"1206","b8c09fd9","2021-03-11T00:00:00.000","International","False"
"1207","caeaa3fc","2020-06-08T00:00:00.000","US","False"
"1208","10aab901","2022-07-26T00:00:00.000","US","True"
"1209","8bf98040","2021-09-08T00:00:00.000","US","False"
"1210","30a6a34e","2021-07-24T00:00:00.000","US","False"
"1211","9a717f39","2020-08-03T00:00:00.000","US","False"
"1212","fc6df17e","2022-12-28T00:00:00.000","US","True"
"1213","2adb8809","2022-06-07T00:00:00.000","US","True"
"1214","7160f008","2023-02-16T00:00:00.000","US","True"
"1215","3e15d87e","2020-09-10T00:00:00.000","US","False"
"1216","53bc7583","2022-08-19T00:00:00.000","US","True"
"1217","a624c453","2021-11-26T00:00:00.000","US","False"
"1218","9e2ab0c2","2023-03-03T00:00:00.000","US","True"
"1219","91940aa2","2022-07-02T00:00:00.000","US","True"
"1220","02cb9c6c","2020-04-13T00:00:00.000","International","False"
"1221","64e8c52f","2020-12-26T00:00:00.000","US","False"
"1222","cfebaa22","2021-08-17T00:00:00.000","US","False"
"1223","90aec8d3","2022-01-08T00:00:00.000","International","False"
"1224","d94727d9","2021-08-03T00:00:00.000","US","False"
"1225","40bf4a0f","2022-08-12T00:00:00.000","US","True"
"1226","d8d178b6","2021-06-15T00:00:00.000","International","False"
"1227","971d2898","2022-01-13T00:00:00.000","International","False"
"1228","b6825955","2020-11-22T00:00:00.000","US","False"
"1229","e9c84e27","2021-09-14T00:00:00.000","US","False"
"1230","db6c6fd7","2021-11-03T00:00:00.000","US","False"
"1231","c7745878","2022-07-30T00:00:00.000","US","True"
"1232","7ae28702","2021-12-14T00:00:00.000","US","False"
"1233","dd1a4c3f","2021-03-14T00:00:00.000","International","False"
"1234","715d333d","2020-11-26T00:00:00.000","US","False"
"1235","e1b1957a","2023-02-25T00:00:00.000","US","True"
"1236","82c46b42","2020-06-26T00:00:00.000","US","False"
"1237","c453de51","2023-03-17T00:00:00.000","US","True"
"1238","ad94f938","2020-11-06T00:00:00.000","International","False"
"1239","acc29a22","2022-11-13T00:00:00.000","US","True"
"1240","4c79b994","2022-09-04T00:00:00.000","US","True"
"1241","de747eec","2021-05-26T00:00:00.000","US","False"
"1242","45dfeecd","2023-03-13T00:00:00.000","International","True"
"1243","a97261de","2021-11-05T00:00:00.000","US","False"
"1244","214cdbba","2020-09-12T00:00:00.000","International","False"
"1245","d87c7176","2022-03-27T00:00:00.000","US","False"
"1246","f74f53c2","2022-07-24T00:00:00.000","US","True"
"1247","45764bee","2022-12-18T00:00:00.000","International","True"
"1248","4579dc26","2022-08-28T00:00:00.000","International","True"
"1249","d9a18a39","2022-07-14T00:00:00.000","US","True"
"1250","9138a03e","2021-03-09T00:00:00.000","US","False"
"1251","85cd916b","2021-03-21T00:00:00.000","International","False"
"1252","3c575bfe","2022-08-11T00:00:00.000","US","True"
"1253","14718b16","2021-07-19T00:00:00.000","US","False"
"1254","8797f001","2023-01-29T00:00:00.000","International","True"
"1255","2fdbc0e8","2022-12-01T00:00:00.000","International","True"
"1256","518c3b7c","2021-01-24T00:00:00.000","US","False"
"1257","d49906fb","2020-07-20T00:00:00.000","US","False"
"1258","cbd9d015","2022-11-18T00:00:00.000","US","True"
"1259","c9352142","2022-06-03T00:00:00.000","International","True"
"1260","f401dc67","2020-08-12T00:00:00.000","International","False"
"1261","c86cf5a5","2022-04-12T00:00:00.000","International","True"
"1262","83909947","2020-12-09T00:00:00.000","US","False"
"1263","71f6ef27","2022-04-24T00:00:00.000","International","True"
"1264","c8f4d07e","2021-01-12T00:00:00.000","US","False"
"1265","6eafa39d","2021-05-03T00:00:00.000","International","False"
"1266","60556da5","2020-12-07T00:00:00.000","US","False"
"1267","a46fcdb6","2021-07-28T00:00:00.000","US","False"
"1268","e8ba37c4","2021-06-20T00:00:00.000","US","False"
"1269","b4903939","2021-11-01T00:00:00.000","US","False"
"1270","b7b0194b","2021-05-09T00:00:00.000","US","False"
"1271","a8806ed9","2021-09-22T00:00:00.000","International","False"
"1272","a9bf1018","2022-01-12T00:00:00.000","International","False"
"1273","99871594","2022-09-29T00:00:00.000","US","True"
"1274","55f2c4b4","2020-08-09T00:00:00.000","US","False"
"1275","1afb0a1a","2020-12-21T00:00:00.000","US","False"
"1276","ac3f6f9b","2022-06-18T00:00:00.000","International","True"
"1277","cea74ddd","2022-03-08T00:00:00.000","US","False"
"1278","ef119fcb","2021-10-24T00:00:00.000","US","False"
"1279","5fb3baa3","2021-09-25T00:00:00.000","US","False"
"1280","99519506","2023-01-20T00:00:00.000","International","True"
"1281","0c3e9604","2020-11-30T00:00:00.000","US","False"
"1282","9817264f","2020-07-18T00:00:00.000","US","False"
"1283","cc87c748","2022-07-11T00:00:00.000","International","True"
"1284","0b8fc6fc","2023-04-02T00:00:00.000","US","True"
"1285","858cca8e","2020-07-05T00:00:00.000","US","False"
"1286","82a375b1","2020-07-16T00:00:00.000","International","False"
"1287","8d4bb317","2020-04-15T00:00:00.000","International","False"
"1288","6e03c3aa","2021-01-20T00:00:00.000","International","False"
"1289","5af758ce","2021-08-01T00:00:00.000","International","False"
"1290","a6774b95","2021-03-29T00:00:00.000","US","False"
"1291","d68f24ed","2021-06-21T00:00:00.000","US","False"
"1292","f9dbc86b","2022-10-21T00:00:00.000","US","True"
"1293","278fec56","2022-10-15T00:00:00.000","US","True"
"1294","13a2275d","2023-01-14T00:00:00.000","US","True"
"1295","13de7836","2023-04-09T00:00:00.000","International","True"
"1296","4ffcb0cf","2022-02-27T00:00:00.000","International","False"
"1297","a75c4770","2021-01-09T00:00:00.000","International","False"
"1298","164accca","2020-12-03T00:00:00.000","US","False"
"1299","aaec38a8","2023-02-03T00:00:00.000","US","True"
"1300","ce1bdc50","2022-04-22T00:00:00.000","US","True"
"1301","4a60b209","2020-08-09T00:00:00.000","US","False"
"1302","d542a780","2020-11-09T00:00:00.000","International","False"
"1303","073aa5a5","2022-07-18T00:00:00.000","US","True"
"1304","3410bc26","2020-07-08T00:00:00.000","US","False"
"1305","a3dc3292","2022-02-23T00:00:00.000","US","False"
"1306","1c5dda69","2023-01-14T00:00:00.000","International","True"
"1307","d8af69a0","2022-07-01T00:00:00.000","US","True"
"1308","bd26c7df","2021-11-13T00:00:00.000","US","False"
"1309","8069ad18","2022-10-13T00:00:00.000","US","True"
"1310","57d95690","2021-09-01T00:00:00.000","US","False"
"1311","aea792c8","2020-04-18T00:00:00.000","International","False"
"1312","421ae461","2022-10-31T00:00:00.000","US","True"
"1313","74f036c4","2020-11-16T00:00:00.000","US","False"
"1314","8ead2660","2021-06-05T00:00:00.000","International","False"
"1315","acce61e2","2022-09-28T00:00:00.000","US","True"
"1316","461b83c2","2021-06-15T00:00:00.000","US","False"
"1317","0ba94219","2021-06-18T00:00:00.000","US","False"
"1318","6ae76b31","2020-08-16T00:00:00.000","US","False"
"1319","a9baa0f4","2022-03-13T00:00:00.000","International","False"
"1320","1ea6ba10","2020-08-10T00:00:00.000","US","False"
"1321","e4247368","2022-03-11T00:00:00.000","US","False"
"1322","8d725ec5","2022-04-29T00:00:00.000","US","True"
"1323","60e66c77","2021-10-25T00:00:00.000","US","False"
"1324","821340e4","2021-08-31T00:00:00.000","US","False"
"1325","315e8cb3","2021-11-17T00:00:00.000","US","False"
"1326","678fb275","2022-07-07T00:00:00.000","US","True"
"1327","7e4352b9","2023-02-11T00:00:00.000","US","True"
"1328","791579c0","2022-08-21T00:00:00.000","US","True"
"1329","f68b2318","2020-05-09T00:00:00.000","US","False"
"1330","66f4eaac","2022-03-06T00:00:00.000","US","False"
"1331","7abc7c68","2020-11-23T00:00:00.000","US","False"
"1332","71d8a6ea","2022-09-26T00:00:00.000","US","True"
"1333","9f1c312f","2021-12-07T00:00:00.000","US","False"
"1334","b49371ad","2020-05-31T00:00:00.000","International","False"
"1335","7869a470","2022-12-29T00:00:00.000","US","True"
"1336","ccbdab31","2020-08-23T00:00:00.000","US","False"
"1337","1a454d51","2021-11-21T00:00:00.000","US","False"
"1338","7aa8dada","2020-11-16T00:00:00.000","International","False"
"1339","c02ef487","2021-07-25T00:00:00.000","US","False"
"1340","00526183","2021-12-21T00:00:00.000","US","False"
"1341","c01b6501","2022-07-25T00:00:00.000","US","True"
"1342","77e0201a","2020-12-07T00:00:00.000","US","False"
"1343","756a3440","2022-10-01T00:00:00.000","US","True"
"1344","cadffb6e","2023-04-03T00:00:00.000","US","True"
"1345","0a9afaf2","2021-12-04T00:00:00.000","International","False"
"1346","0c6499e3","2020-04-26T00:00:00.000","International","False"
"1347","9b027f51","2023-02-01T00:00:00.000","International","True"
"1348","5c8db517","2020-08-26T00:00:00.000","US","False"
"1349","c942b17a","2020-12-17T00:00:00.000","US","False"
"1350","74603b24","2021-07-30T00:00:00.000","US","False"
"1351","b47471c2","2022-12-01T00:00:00.000","US","True"
"1352","94a0e430","2023-02-15T00:00:00.000","US","True"
"1353","01a4a819","2022-05-30T00:00:00.000","US","True"
"1354","cb92a121","2021-01-24T00:00:00.000","US","False"
"1355","05a8b23c","2020-07-08T00:00:00.000","International","False"
"1356","e62a4c98","2022-02-14T00:00:00.000","US","False"
"1357","db32a3fd","2021-10-10T00:00:00.000","International","False"
"1358","15773622","2022-11-19T00:00:00.000","International","True"
"1359","03a6f8c6","2021-04-27T00:00:00.000","US","False"
"1360","5f0876b1","2021-01-30T00:00:00.000","US","False"
"1361","714ef37a","2021-05-19T00:00:00.000","US","False"
"1362","23d881f8","2020-05-27T00:00:00.000","US","False"
"1363","0e9f9bb4","2022-12-13T00:00:00.000","International","True"
"1364","a9a6dec7","2021-03-16T00:00:00.000","US","False"
"1365","8148b935","2023-02-01T00:00:00.000","International","True"
"1366","0f7413a9","2020-07-06T00:00:00.000","US","False"
"1367","9e88d99c","2022-06-13T00:00:00.000","International","True"
"1368","e53e7145","2021-04-08T00:00:00.000","US","False"
"1369","5793af68","2020-12-01T00:00:00.000","US","False"
"1370","0d60ddd2","2021-03-24T00:00:00.000","US","False"
"1371","05915377","2022-05-01T00:00:00.000","US","True"
"1372","414985d6","2020-09-22T00:00:00.000","International","False"
"1373","98d25798","2021-07-29T00:00:00.000","International","False"
"1374","f6773073","2022-04-21T00:00:00.000","International","True"
"1375","e56019ca","2021-04-23T00:00:00.000","US","False"
"1376","a82cf9b4","2020-12-05T00:00:00.000","US","False"
"1377","bd08de40","2022-04-12T00:00:00.000","US","True"
"1378","311e2808","2021-05-13T00:00:00.000","US","False"
"1379","d8b1e2ed","2022-10-04T00:00:00.000","US","True"
"1380","0d16e757","2022-08-23T00:00:00.000","US","True"
"1381","c84e395e","2023-02-15T00:00:00.000","US","True"
"1382","99fdbacc","2022-10-21T00:00:00.000","US","True"
"1383","d0084eae","2023-01-21T00:00:00.000","US","True"
"1384","99982c56","2021-02-05T00:00:00.000","US","False"
"1385","f88621be","2021-12-02T00:00:00.000","International","False"
"1386","039022aa","2021-02-08T00:00:00.000","International","False"
"1387","0fa6a92e","2023-01-03T00:00:00.000","US","True"
"1388","13d0ff28","2020-08-31T00:00:00.000","US","False"
"1389","b8287f3c","2020-09-01T00:00:00.000","International","False"
"1390","8cb431f1","2022-06-29T00:00:00.000","International","True"
"1391","85d32f88","2020-07-30T00:00:00.000","International","False"
"1392","611cf69d","2022-06-28T00:00:00.000","US","True"
"1393","672d123c","2022-05-29T00:00:00.000","US","True"
"1394","174dcd6b","2020-10-18T00:00:00.000","International","False"
"1395","25c27cf2","2021-06-20T00:00:00.000","US","False"
"1396","d54ca19f","2021-07-22T00:00:00.000","US","False"
"1397","2e74a9fc","2021-03-14T00:00:00.000","US","False"
"1398","8632f045","2021-03-09T00:00:00.000","US","False"
"1399","913f924b","2022-11-22T00:00:00.000","US","True"
"1400","a0f2fb3f","2022-05-04T00:00:00.000","International","True"
"1401","8db45a44","2022-09-01T00:00:00.000","US","True"
"1402","e43018fa","2023-04-01T00:00:00.000","US","True"
"1403","9b3ef84f","2022-11-28T00:00:00.000","US","True"
"1404","7ed8646d","2020-07-02T00:00:00.000","US","False"
"1405","59b19a35","2020-09-07T00:00:00.000","US","False"
"1406","731bcd2b","2021-11-29T00:00:00.000","International","False"
"1407","c0b0b71e","2020-10-08T00:00:00.000","US","False"
"1408","1930d15c","2023-02-23T00:00:00.000","US","True"
"1409","d269a3fe","2022-02-26T00:00:00.000","US","False"
"1410","6063ea8c","2023-01-18T00:00:00.000","US","True"
"1411","27461c88","2021-08-22T00:00:00.000","International","False"
"1412","12d30afe","2020-05-25T00:00:00.000","US","False"
"1413","ddb8b389","2022-04-14T00:00:00.000","International","True"
"1414","ab7c41c2","2021-04-14T00:00:00.000","US","False"
"1415","938f596c","2021-03-07T00:00:00.000","US","False"
"1416","9205f3d7","2020-12-07T00:00:00.000","US","False"
"1417","8a244797","2023-01-17T00:00:00.000","International","True"
"1418","185a8056","2023-01-03T00:00:00.000","US","True"
"1419","9eb1fc7f","2021-10-03T00:00:00.000","International","False"
"1420","e3753610","2021-07-19T00:00:00.000","US","False"
"1421","76d9d116","2021-08-31T00:00:00.000","US","False"
"1422","a8bef233","2022-04-21T00:00:00.000","US","True"
"1423","8fecd6c7","2022-06-26T00:00:00.000","US","True"
"1424","ea23524b","2020-12-12T00:00:00.000","US","False"
"1425","eaf43d8a","2021-01-14T00:00:00.000","International","False"
"1426","1ee08214","2020-11-30T00:00:00.000","US","False"
"1427","cb745324","2021-10-11T00:00:00.000","US","False"
"1428","b3176975","2023-02-22T00:00:00.000","International","True"
"1429","2ed3a9a4","2022-11-11T00:00:00.000","US","True"
"1430","3b6f4525","2020-11-24T00:00:00.000","US","False"
"1431","b5a1272c","2021-04-16T00:00:00.000","US","False"
"1432","84892102","2021-07-31T00:00:00.000","US","False"
"1433","4e2c9d4c","2021-03-19T00:00:00.000","US","False"
"1434","84948f81","2023-03-18T00:00:00.000","US","True"
"1435","41414192","2022-06-08T00:00:00.000","US","True"
"1436","2783720a","2021-06-19T00:00:00.000","International","False"
"1437","b8f80194","2023-03-09T00:00:00.000","International","True"
"1438","596c1167","2021-05-18T00:00:00.000","US","False"
"1439","297253bf","2021-01-03T00:00:00.000","US","False"
"1440","169332b0","2022-03-13T00:00:00.000","US","False"
"1441","579e726b","2023-01-25T00:00:00.000","US","True"
"1442","bb18e774","2020-08-08T00:00:00.000","US","False"
"1443","66adcd3e","2023-03-09T00:00:00.000","International","True"
"1444","5ef065d9","2021-11-04T00:00:00.000","US","False"
"1445","e860d061","2021-02-03T00:00:00.000","US","False"
"1446","e51d574e","2021-01-20T00:00:00.000","US","False"
"1447","d230a142","2020-08-22T00:00:00.000","International","False"
"1448","dff7d227","2021-12-29T00:00:00.000","US","False"
"1449","2c93fd89","2022-10-21T00:00:00.000","International","True"
"1450","04c2de7d","2023-03-19T00:00:00.000","US","True"
"1451","ae9a90ff","2021-11-26T00:00:00.000","US","False"
"1452","f026102b","2023-04-05T00:00:00.000","International","True"
"1453","fd25d6e4","2022-10-27T00:00:00.000","US","True"
"1454","30f3dffc","2020-09-20T00:00:00.000","US","False"
"1455","1ece6681","2021-01-06T00:00:00.000","US","False"
"1456","65335d03","2021-08-06T00:00:00.000","US","False"
"1457","88cbebe0","2020-10-30T00:00:00.000","US","False"
"1458","09b2e17e","2021-06-07T00:00:00.000","US","False"
"1459","a2e745bd","2022-08-20T00:00:00.000","US","True"
"1460","4f993fcc","2020-04-12T00:00:00.000","US","False"
"1461","5c386d51","2021-10-13T00:00:00.000","US","False"
"1462","47583e75","2021-05-13T00:00:00.000","US","False"
"1463","6e0d4dce","2021-09-12T00:00:00.000","International","False"
"1464","9128c0ab","2021-12-19T00:00:00.000","US","False"
"1465","c8a49915","2020-10-17T00:00:00.000","US","False"
"1466","f51607bf","2020-09-07T00:00:00.000","US","False"
"1467","a0a113f5","2022-08-14T00:00:00.000","US","True"
"1468","f3089c1d","2022-08-04T00:00:00.000","US","True"
"1469","38c6e21a","2021-02-10T00:00:00.000","US","False"
"1470","f1ac6e44","2020-11-14T00:00:00.000","US","False"
"1471","a54e42f0","2023-02-23T00:00:00.000","US","True"
"1472","1c6409de","2022-11-22T00:00:00.000","US","True"
"1473","dc61b421","2021-08-14T00:00:00.000","US","False"
"1474","8bbc0eff","2022-09-23T00:00:00.000","International","True"
"1475","0d12d659","2020-10-11T00:00:00.000","US","False"
"1476","53cca939","2021-11-06T00:00:00.000","US","False"
"1477","717a608f","2022-04-18T00:00:00.000","US","True"
"1478","e0251a9e","2020-06-04T00:00:00.000","International","False"
"1479","4572908c","2020-07-11T00:00:00.000","US","False"
"1480","033d5c34","2021-07-01T00:00:00.000","International","False"
"1481","3d36fe51","2023-02-04T00:00:00.000","US","True"
"1482","dcb1a782","2020-07-18T00:00:00.000","US","False"
"1483","d167c400","2021-01-31T00:00:00.000","US","False"
"1484","ea18827d","2020-04-23T00:00:00.000","US","False"
"1485","6fda20cf","2021-12-16T00:00:00.000","US","False"
"1486","5b6168cf","2021-03-29T00:00:00.000","International","False"
"1487","8e128a3a","2021-11-24T00:00:00.000","US","False"
"1488","a39ca7b5","2022-12-25T00:00:00.000","US","True"
"1489","384119e4","2022-11-14T00:00:00.000","US","True"
"1490","8eb8c230","2022-04-04T00:00:00.000","International","False"
"1491","06a363c3","2022-09-28T00:00:00.000","International","True"
"1492","97ba0185","2022-08-12T00:00:00.000","US","True"
"1493","92d75c59","2020-09-09T00:00:00.000","US","False"
"1494","2dad1049","2021-11-25T00:00:00.000","International","False"
"1495","e619d11a","2022-09-10T00:00:00.000","US","True"
"1496","9915cfc6","2021-01-06T00:00:00.000","International","False"
"1497","ca78f584","2020-11-27T00:00:00.000","US","False"
"1498","3303745f","2022-03-22T00:00:00.000","US","False"
"1499","7297c2af","2020-08-01T00:00:00.000","International","False"